Population,Murder,Rape,Robbery,Aggravated Assault,Breaking & Entering,Larceny Theft,Motor Vehicle Theft,"Violent Crime Rate per 100,000 People"
149573.0,9.0,30.0,121.0,293.0,809.0,1974.0,175.0,302.9
30214.0,0.0,14.0,25.0,123.0,247.0,548.0,67.0,536.2
120554.0,1.0,31.0,41.0,225.0,700.0,2020.0,126.0,247.2
125394.0,5.0,24.0,34.0,90.0,623.0,2465.0,185.0,122.0
82102.0,3.0,7.0,32.0,85.0,592.0,1390.0,102.0,154.7
81781.0,11.0,13.0,24.0,101.0,539.0,1697.0,88.0,182.2
88842.0,3.0,16.0,32.0,325.0,349.0,1284.0,133.0,423.2
111212.0,4.0,39.0,135.0,539.0,760.0,3105.0,373.0,644.7
47234.0,2.0,9.0,37.0,310.0,382.0,1700.0,102.0,757.9
167630.0,0.0,38.0,22.0,263.0,328.0,1551.0,82.0,192.7
65135.0,0.0,21.0,18.0,250.0,499.0,1062.0,77.0,443.7
37156.0,0.0,8.0,11.0,35.0,155.0,507.0,14.0,145.3
61393.0,1.0,11.0,16.0,159.0,397.0,981.0,31.0,304.6
88166.0,1.0,6.0,12.0,238.0,295.0,1181.0,102.0,291.5
33937.0,1.0,2.0,25.0,100.0,348.0,620.0,50.0,377.2
30757.0,0.0,2.0,1.0,41.0,104.0,367.0,22.0,143.1
25440.0,0.0,7.0,9.0,56.0,82.0,231.0,13.0,283.0
253798.0,7.0,49.0,90.0,327.0,346.0,1987.0,116.0,186.4
31487.0,1.0,7.0,32.0,141.0,338.0,901.0,89.0,574.8
51255.0,3.0,17.0,39.0,93.0,289.0,1514.0,32.0,296.6
813420.0,109.0,255.0,3916.0,3974.0,8914.0,28111.0,13670.0,1014.7
17410.0,1.0,2.0,3.0,34.0,90.0,238.0,16.0,229.8
148119.0,2.0,38.0,64.0,190.0,805.0,2480.0,181.0,198.5
34510.0,1.0,9.0,4.0,127.0,262.0,545.0,46.0,408.6
201881.0,5.0,26.0,130.0,348.0,1490.0,5350.0,1083.0,252.1
102707.0,1.0,18.0,37.0,216.0,253.0,1377.0,125.0,264.8
81071.0,2.0,26.0,44.0,244.0,555.0,1380.0,70.0,389.8
83114.0,0.0,22.0,37.0,395.0,693.0,1666.0,153.0,546.2
30875.0,4.0,17.0,36.0,178.0,383.0,861.0,45.0,761.1
715912.0,21.0,200.0,866.0,900.0,4505.0,18204.0,3010.0,277.5
74930.0,2.0,24.0,21.0,224.0,421.0,1562.0,124.0,361.7
30194.0,2.0,6.0,29.0,132.0,258.0,784.0,30.0,559.7
115768.0,3.0,10.0,66.0,189.0,779.0,2001.0,126.0,231.5
150576.0,3.0,43.0,118.0,333.0,531.0,1596.0,151.0,330.1
118591.0,4.0,18.0,54.0,187.0,689.0,1791.0,181.0,221.8
763138.0,259.0,543.0,7986.0,6876.0,14446.0,34082.0,8188.0,2052.6
388659.0,16.0,97.0,416.0,1085.0,4269.0,10131.0,941.0,415.3
90430.0,4.0,33.0,53.0,401.0,821.0,2207.0,282.0,543.0
84860.0,1.0,10.0,13.0,204.0,289.0,954.0,74.0,268.7
644554.0,270.0,208.0,4364.0,6385.0,7855.0,23307.0,6874.0,1741.8
60780.0,0.0,7.0,19.0,145.0,603.0,1235.0,77.0,281.3
129059.0,6.0,29.0,150.0,315.0,1402.0,3439.0,255.0,387.4
496929.0,11.0,119.0,736.0,2932.0,3206.0,13747.0,1258.0,764.3
268769.0,4.0,42.0,263.0,306.0,1225.0,5409.0,544.0,228.8
96254.0,4.0,11.0,79.0,380.0,836.0,1820.0,278.0,492.4
23660.0,0.0,1.0,2.0,30.0,165.0,282.0,13.0,139.5
24036.0,1.0,8.0,18.0,106.0,224.0,515.0,25.0,553.3
262537.0,7.0,46.0,225.0,271.0,1158.0,5148.0,682.0,209.1
30734.0,2.0,12.0,23.0,113.0,197.0,758.0,74.0,488.1
167424.0,2.0,29.0,36.0,333.0,522.0,2085.0,170.0,238.9
93573.0,2.0,18.0,60.0,351.0,753.0,1940.0,264.0,460.6
888070.0,56.0,176.0,2012.0,2246.0,5733.0,18542.0,4293.0,505.6
28881.0,0.0,5.0,3.0,83.0,158.0,359.0,25.0,315.1
574093.0,17.0,151.0,852.0,553.0,8348.0,19615.0,1938.0,274.0
33728.0,3.0,18.0,33.0,187.0,681.0,2041.0,115.0,714.5
221837.0,2.0,31.0,191.0,453.0,1274.0,4005.0,414.0,305.2
171843.0,1.0,31.0,38.0,289.0,611.0,2007.0,133.0,208.9
154180.0,3.0,57.0,107.0,679.0,940.0,3206.0,241.0,548.7
424124.0,20.0,124.0,468.0,895.0,4009.0,11643.0,1805.0,355.3
120500.0,7.0,35.0,102.0,288.0,1295.0,3931.0,421.0,358.5
864100.0,259.0,463.0,9055.0,6309.0,15787.0,30936.0,7602.0,1861.6
918624.0,23.0,148.0,1076.0,1015.0,4273.0,18468.0,3676.0,246.2
25970.0,1.0,9.0,21.0,85.0,214.0,604.0,34.0,446.7
20500.0,5.0,4.0,16.0,30.0,299.0,356.0,21.0,268.3
92641.0,2.0,17.0,13.0,196.0,717.0,1558.0,126.0,246.1
49084.0,1.0,4.0,4.0,65.0,129.0,459.0,21.0,150.8
30863.0,0.0,3.0,18.0,97.0,215.0,711.0,38.0,382.3
78384.0,1.0,16.0,56.0,327.0,607.0,1524.0,173.0,510.3
827068.0,50.0,384.0,1163.0,3140.0,2567.0,16266.0,1602.0,572.7
30341.0,1.0,1.0,5.0,64.0,164.0,351.0,25.0,234.0
18973.0,0.0,7.0,3.0,57.0,191.0,212.0,21.0,353.1
732968.0,353.0,668.0,12408.0,8577.0,18076.0,42814.0,10672.0,3002.3
147940.0,3.0,26.0,176.0,383.0,767.0,2731.0,280.0,397.5
255760.0,5.0,34.0,61.0,311.0,234.0,1441.0,131.0,160.7
30289.0,1.0,5.0,4.0,17.0,124.0,397.0,22.0,89.1
195277.0,6.0,51.0,119.0,732.0,767.0,3008.0,265.0,465.0
657707.0,56.0,427.0,3314.0,2261.0,14298.0,26948.0,4458.0,921.1
25939.0,1.0,9.0,13.0,51.0,213.0,630.0,42.0,285.3
31909.0,0.0,7.0,18.0,124.0,291.0,610.0,44.0,467.0
230359.0,9.0,33.0,179.0,572.0,687.0,3082.0,175.0,344.2
28874.0,0.0,13.0,2.0,55.0,106.0,215.0,15.0,242.4
980991.0,15.0,115.0,878.0,681.0,3203.0,14046.0,1278.0,172.2
148828.0,2.0,9.0,97.0,342.0,862.0,2213.0,153.0,302.4
588594.0,334.0,324.0,3441.0,5381.0,4116.0,11423.0,3128.0,1610.6
251139.0,9.0,71.0,108.0,368.0,390.0,2299.0,143.0,221.4
102376.0,9.0,31.0,77.0,249.0,569.0,1969.0,123.0,357.5
81382.0,3.0,30.0,45.0,253.0,609.0,1656.0,78.0,406.7
17124.0,0.0,2.0,7.0,43.0,122.0,310.0,18.0,303.7
19012.0,1.0,4.0,7.0,44.0,113.0,208.0,19.0,294.6
19482.0,0.0,7.0,10.0,43.0,112.0,209.0,19.0,308.0
74325.0,0.0,23.0,27.0,275.0,488.0,1481.0,55.0,437.3
777313.0,29.0,236.0,1705.0,4589.0,5719.0,21201.0,3491.0,843.8
28177.0,3.0,6.0,10.0,46.0,205.0,328.0,34.0,230.7
169003.0,1.0,24.0,56.0,293.0,562.0,2016.0,127.0,221.3
20200.0,0.0,5.0,9.0,53.0,224.0,294.0,26.0,331.7
19061.0,3.0,2.0,7.0,31.0,139.0,169.0,17.0,225.6
72922.0,3.0,19.0,28.0,323.0,635.0,1285.0,204.0,511.5
26270.0,0.0,9.0,14.0,48.0,144.0,310.0,10.0,270.3
840833.0,135.0,287.0,4148.0,3439.0,8483.0,26952.0,17628.0,952.5
32955.0,1.0,15.0,35.0,114.0,296.0,799.0,49.0,500.7
157065.0,6.0,38.0,139.0,381.0,396.0,2018.0,167.0,359.1
19731.0,1.0,4.0,15.0,69.0,87.0,194.0,24.0,451.1
237388.0,2.0,30.0,193.0,620.0,961.0,3591.0,359.0,356.0
449440.0,11.0,132.0,692.0,1287.0,3644.0,13281.0,1806.0,472.1
219311.0,1.0,30.0,148.0,557.0,672.0,2652.0,197.0,335.6
124602.0,2.0,30.0,71.0,289.0,686.0,1956.0,164.0,314.6
122336.0,9.0,39.0,135.0,592.0,670.0,2848.0,392.0,633.5
29700.0,3.0,17.0,14.0,221.0,256.0,572.0,65.0,858.6
34850.0,2.0,4.0,11.0,122.0,296.0,551.0,40.0,398.9
168719.0,1.0,26.0,40.0,189.0,517.0,1856.0,94.0,151.7
71380.0,4.0,23.0,37.0,327.0,728.0,1332.0,182.0,547.8
90118.0,2.0,8.0,22.0,83.0,400.0,1255.0,45.0,127.6
23148.0,2.0,10.0,7.0,81.0,159.0,344.0,24.0,432.0
30820.0,0.0,15.0,32.0,154.0,305.0,873.0,74.0,652.2
117027.0,1.0,30.0,102.0,395.0,1167.0,3565.0,399.0,451.2
164663.0,0.0,47.0,48.0,320.0,456.0,1878.0,151.0,252.0
161295.0,4.0,48.0,103.0,758.0,900.0,2918.0,261.0,566.0
16680.0,0.0,2.0,6.0,43.0,166.0,370.0,22.0,305.8
99669.0,4.0,25.0,106.0,448.0,893.0,2381.0,111.0,584.9
28406.0,2.0,7.0,9.0,65.0,180.0,439.0,38.0,292.2
84644.0,4.0,35.0,132.0,601.0,877.0,2613.0,193.0,912.1
239914.0,9.0,36.0,202.0,579.0,990.0,3332.0,437.0,344.3
489656.0,11.0,117.0,646.0,2610.0,3147.0,13402.0,1398.0,691.1
827494.0,171.0,499.0,7574.0,6075.0,15463.0,32315.0,6213.0,1730.4
71806.0,1.0,17.0,34.0,188.0,517.0,1657.0,49.0,334.2
930123.0,19.0,145.0,1261.0,879.0,3932.0,17466.0,2640.0,247.7
31136.0,0.0,12.0,10.0,124.0,204.0,558.0,77.0,468.9
62626.0,4.0,22.0,8.0,203.0,338.0,932.0,52.0,378.4
913206.0,88.0,277.0,1534.0,1620.0,2951.0,14389.0,3371.0,385.3
582458.0,12.0,122.0,595.0,598.0,5932.0,17044.0,1731.0,227.8
848440.0,130.0,287.0,4094.0,3970.0,6903.0,26171.0,12944.0,999.6
512277.0,23.0,110.0,943.0,2091.0,3420.0,12217.0,1654.0,618.2
555330.0,15.0,71.0,630.0,1603.0,2522.0,11272.0,677.0,417.6
30303.0,4.0,16.0,30.0,147.0,874.0,1927.0,127.0,650.1
542753.0,15.0,91.0,597.0,1972.0,2259.0,11394.0,832.0,492.9
50510.0,0.0,8.0,8.0,78.0,57.0,267.0,19.0,186.1
29582.0,1.0,5.0,0.0,51.0,139.0,363.0,35.0,192.7
20351.0,1.0,1.0,14.0,70.0,130.0,195.0,13.0,422.6
25784.0,1.0,6.0,23.0,52.0,265.0,598.0,20.0,318.0
30737.0,0.0,8.0,23.0,167.0,329.0,834.0,47.0,644.2
30621.0,1.0,10.0,36.0,159.0,384.0,774.0,47.0,672.7
30317.0,1.0,0.0,2.0,52.0,100.0,320.0,16.0,181.4
91175.0,4.0,16.0,54.0,381.0,731.0,1777.0,200.0,499.0
35284.0,3.0,10.0,27.0,83.0,169.0,683.0,26.0,348.6
80461.0,2.0,12.0,26.0,79.0,541.0,1706.0,108.0,147.9
172300.0,2.0,29.0,47.0,315.0,567.0,2055.0,102.0,228.1
29299.0,0.0,3.0,2.0,48.0,141.0,288.0,10.0,180.9
764893.0,226.0,595.0,7485.0,6030.0,13558.0,31270.0,7495.0,1874.2
784554.0,216.0,566.0,10046.0,5805.0,17774.0,38116.0,5661.0,2120.1
120387.0,5.0,34.0,103.0,314.0,1677.0,3933.0,415.0,378.8
25626.0,0.0,17.0,10.0,56.0,115.0,239.0,11.0,323.9
167529.0,4.0,30.0,33.0,275.0,542.0,1735.0,65.0,204.1
26962.0,0.0,5.0,2.0,44.0,213.0,345.0,35.0,189.2
26715.0,0.0,15.0,36.0,252.0,750.0,1422.0,79.0,1134.2
434253.0,12.0,126.0,643.0,1067.0,4259.0,13702.0,2084.0,425.6
96080.0,1.0,18.0,28.0,204.0,856.0,1670.0,101.0,261.2
932846.0,20.0,133.0,1189.0,865.0,3708.0,18181.0,2634.0,236.6
33379.0,2.0,2.0,24.0,84.0,382.0,693.0,34.0,335.5
148188.0,7.0,23.0,100.0,215.0,1067.0,2650.0,230.0,232.8
23762.0,0.0,0.0,3.0,75.0,181.0,383.0,14.0,328.3
30236.0,5.0,20.0,25.0,191.0,284.0,650.0,57.0,797.1
662646.0,34.0,166.0,1242.0,5155.0,9981.0,24298.0,2941.0,995.6
77414.0,3.0,51.0,138.0,551.0,1088.0,2842.0,241.0,959.8
16954.0,1.0,2.0,6.0,44.0,140.0,368.0,20.0,312.6
238083.0,6.0,29.0,240.0,215.0,1317.0,5261.0,704.0,205.8
660826.0,256.0,299.0,5762.0,8520.0,10960.0,30457.0,8199.0,2245.2
19954.0,0.0,2.0,15.0,59.0,125.0,249.0,17.0,380.9
27207.0,1.0,0.0,3.0,37.0,200.0,362.0,36.0,150.7
28923.0,0.0,12.0,10.0,129.0,187.0,424.0,42.0,522.1
37476.0,3.0,18.0,26.0,256.0,622.0,2153.0,114.0,808.5
102737.0,0.0,27.0,15.0,202.0,523.0,1416.0,138.0,237.5
29897.0,0.0,6.0,1.0,61.0,142.0,298.0,15.0,227.4
80835.0,2.0,15.0,6.0,67.0,361.0,1338.0,68.0,111.3
31832.0,1.0,5.0,29.0,123.0,205.0,604.0,25.0,496.4
44402.0,0.0,10.0,10.0,189.0,263.0,600.0,52.0,470.7
1041345.0,29.0,275.0,641.0,1087.0,1946.0,13820.0,768.0,195.1
64900.0,1.0,11.0,31.0,118.0,613.0,1330.0,160.0,248.1
527278.0,18.0,113.0,661.0,2137.0,2860.0,11732.0,1236.0,555.5
110733.0,11.0,42.0,116.0,477.0,838.0,3140.0,420.0,583.4
29885.0,0.0,13.0,3.0,55.0,160.0,367.0,26.0,237.6
248869.0,3.0,54.0,156.0,484.0,1019.0,2806.0,206.0,280.1
47963.0,2.0,18.0,78.0,379.0,310.0,1819.0,93.0,994.5
133882.0,3.0,28.0,89.0,399.0,714.0,2156.0,268.0,387.7
23833.0,1.0,7.0,10.0,60.0,145.0,260.0,22.0,327.3
164609.0,16.0,47.0,96.0,381.0,257.0,1669.0,203.0,328.1
76838.0,0.0,23.0,17.0,331.0,292.0,853.0,82.0,482.8
26060.0,1.0,3.0,28.0,92.0,222.0,500.0,27.0,475.8
630126.0,12.0,127.0,728.0,892.0,5430.0,17007.0,1986.0,279.2
214271.0,9.0,24.0,147.0,358.0,936.0,3668.0,403.0,251.1
91132.0,1.0,15.0,19.0,76.0,148.0,726.0,48.0,121.8
66040.0,7.0,18.0,54.0,186.0,1067.0,2195.0,131.0,401.3
216723.0,1.0,33.0,222.0,298.0,1497.0,6479.0,753.0,255.6
198177.0,1.0,49.0,134.0,787.0,698.0,3691.0,255.0,490.0
34844.0,1.0,8.0,13.0,65.0,153.0,642.0,15.0,249.7
828871.0,25.0,100.0,1512.0,2405.0,3493.0,17584.0,1499.0,487.7
31109.0,6.0,28.0,18.0,134.0,672.0,1604.0,124.0,597.9
29619.0,0.0,6.0,2.0,56.0,161.0,359.0,26.0,216.1
605436.0,309.0,367.0,5130.0,5415.0,6074.0,17102.0,4389.0,1853.4
247147.0,5.0,39.0,148.0,451.0,779.0,2965.0,207.0,260.2
32376.0,1.0,9.0,54.0,124.0,242.0,720.0,38.0,580.7
40563.0,2.0,8.0,15.0,88.0,269.0,587.0,55.0,278.6
51408.0,2.0,26.0,43.0,106.0,220.0,1514.0,39.0,344.3
81858.0,1.0,18.0,18.0,80.0,447.0,1570.0,55.0,142.9
30952.0,1.0,20.0,27.0,169.0,247.0,930.0,66.0,701.1
710514.0,43.0,303.0,2307.0,5090.0,8322.0,25586.0,5619.0,1089.8
777056.0,21.0,189.0,993.0,1296.0,4971.0,22821.0,3134.0,321.6
102940.0,6.0,39.0,152.0,476.0,967.0,2263.0,195.0,653.8
16640.0,0.0,1.0,6.0,42.0,226.0,314.0,21.0,294.5
91047.0,0.0,1.0,30.0,100.0,347.0,1144.0,43.0,143.9
61157.0,1.0,12.0,25.0,212.0,603.0,1386.0,134.0,408.8
249859.0,9.0,42.0,121.0,380.0,569.0,2813.0,90.0,220.9
30382.0,2.0,5.0,3.0,60.0,190.0,339.0,22.0,230.4
26174.0,3.0,1.0,13.0,50.0,211.0,556.0,36.0,256.0
140650.0,2.0,43.0,115.0,388.0,1575.0,3427.0,241.0,389.6
20232.0,0.0,0.0,22.0,42.0,100.0,227.0,10.0,316.3
682233.0,47.0,366.0,2567.0,2944.0,10156.0,20854.0,5920.0,868.3
23824.0,1.0,12.0,8.0,108.0,262.0,426.0,35.0,541.5
129186.0,3.0,26.0,117.0,356.0,660.0,1947.0,256.0,388.6
583513.0,13.0,167.0,955.0,733.0,7135.0,19958.0,2000.0,320.1
30829.0,3.0,19.0,32.0,111.0,778.0,1751.0,107.0,535.2
702535.0,19.0,184.0,812.0,973.0,5529.0,19887.0,3218.0,283.0
144340.0,3.0,26.0,109.0,336.0,1989.0,3374.0,282.0,328.4
27524.0,0.0,7.0,14.0,80.0,273.0,648.0,41.0,367.0
101431.0,3.0,38.0,142.0,321.0,837.0,2420.0,111.0,496.9
31130.0,2.0,8.0,22.0,173.0,224.0,736.0,58.0,658.5
101594.0,2.0,31.0,101.0,319.0,673.0,2662.0,96.0,445.9
23785.0,0.0,11.0,19.0,107.0,267.0,533.0,33.0,576.0
35500.0,1.0,6.0,11.0,98.0,270.0,629.0,59.0,326.8
754292.0,33.0,240.0,1587.0,4340.0,5586.0,21270.0,3418.0,822.0
91927.0,0.0,18.0,19.0,96.0,122.0,678.0,40.0,144.7
22394.0,1.0,5.0,11.0,46.0,205.0,327.0,30.0,281.3
25452.0,1.0,6.0,14.0,47.0,91.0,224.0,4.0,267.2
81659.0,3.0,9.0,16.0,292.0,336.0,982.0,83.0,391.9
111234.0,2.0,20.0,51.0,224.0,545.0,1673.0,69.0,267.0
511145.0,18.0,109.0,810.0,1994.0,3419.0,14302.0,1581.0,573.4
679708.0,24.0,183.0,1092.0,5592.0,8617.0,21289.0,3064.0,1013.8
153138.0,0.0,33.0,52.0,268.0,620.0,2020.0,149.0,230.5
783389.0,95.0,265.0,2474.0,3827.0,7985.0,25755.0,8619.0,850.3
135495.0,1.0,23.0,107.0,360.0,683.0,2091.0,273.0,362.4
685948.0,38.0,308.0,2205.0,1962.0,11448.0,27030.0,4172.0,657.9
899994.0,32.0,145.0,977.0,950.0,3996.0,19733.0,3958.0,233.8
69699.0,1.0,19.0,42.0,169.0,313.0,926.0,59.0,331.4
111000.0,2.0,12.0,87.0,221.0,1025.0,2088.0,122.0,290.1
618385.0,318.0,299.0,5288.0,5210.0,7399.0,17278.0,5336.0,1797.4
18931.0,0.0,1.0,4.0,53.0,108.0,230.0,8.0,306.4
681610.0,42.0,397.0,2400.0,2576.0,9784.0,19705.0,4574.0,794.4
97877.0,3.0,42.0,80.0,272.0,1037.0,3282.0,385.0,405.6
173047.0,4.0,36.0,40.0,269.0,523.0,2085.0,104.0,201.7
156234.0,3.0,23.0,120.0,435.0,539.0,2200.0,207.0,371.9
37667.0,1.0,21.0,28.0,212.0,443.0,1921.0,98.0,695.6
109397.0,2.0,17.0,82.0,291.0,918.0,2027.0,127.0,358.3
19936.0,1.0,7.0,19.0,86.0,158.0,234.0,25.0,566.8
31790.0,1.0,16.0,15.0,122.0,285.0,734.0,54.0,484.4
115933.0,1.0,18.0,111.0,220.0,850.0,1868.0,177.0,301.9
109767.0,7.0,22.0,70.0,348.0,889.0,2075.0,141.0,407.2
79655.0,3.0,5.0,20.0,114.0,669.0,1425.0,93.0,178.3
31361.0,2.0,7.0,19.0,126.0,265.0,739.0,29.0,491.1
102068.0,5.0,26.0,86.0,319.0,806.0,1958.0,111.0,427.2
96281.0,9.0,27.0,103.0,472.0,710.0,2488.0,447.0,634.6
167468.0,0.0,33.0,48.0,150.0,414.0,1578.0,52.0,137.9
25496.0,4.0,6.0,10.0,65.0,250.0,601.0,39.0,333.4
150208.0,5.0,35.0,124.0,732.0,894.0,3160.0,248.0,596.5
24057.0,1.0,11.0,13.0,155.0,259.0,465.0,44.0,748.2
36673.0,1.0,13.0,11.0,52.0,73.0,382.0,9.0,210.0
29749.0,0.0,8.0,1.0,23.0,181.0,363.0,25.0,107.6
289807.0,6.0,33.0,215.0,354.0,1110.0,5094.0,374.0,209.8
30800.0,3.0,18.0,34.0,136.0,928.0,1821.0,126.0,620.1
643363.0,26.0,169.0,751.0,3229.0,8868.0,22326.0,2892.0,648.9
792855.0,32.0,154.0,1471.0,2898.0,4316.0,19536.0,2443.0,574.5
32927.0,1.0,10.0,21.0,110.0,271.0,825.0,48.0,431.3
634549.0,234.0,137.0,4058.0,5703.0,7880.0,17635.0,5518.0,1596.7
29696.0,1.0,2.0,2.0,44.0,158.0,299.0,26.0,165.0
151550.0,2.0,22.0,77.0,312.0,1155.0,2605.0,236.0,272.5
18134.0,0.0,5.0,5.0,49.0,135.0,270.0,14.0,325.4
95757.0,10.0,32.0,183.0,505.0,1124.0,2604.0,139.0,762.3
577904.0,20.0,159.0,438.0,1220.0,1143.0,8742.0,659.0,317.9
34294.0,5.0,22.0,34.0,191.0,818.0,2344.0,108.0,734.8
829560.0,28.0,352.0,1337.0,3135.0,2612.0,16882.0,1847.0,584.9
102033.0,3.0,25.0,70.0,275.0,526.0,1927.0,153.0,365.6
146708.0,6.0,32.0,138.0,307.0,1837.0,3326.0,241.0,329.2
33170.0,1.0,6.0,14.0,24.0,111.0,369.0,18.0,135.7
19353.0,4.0,3.0,2.0,44.0,266.0,347.0,31.0,273.9
29092.0,2.0,11.0,10.0,138.0,207.0,606.0,48.0,553.4
473811.0,7.0,117.0,631.0,1813.0,3525.0,13432.0,1529.0,542.0
123372.0,1.0,32.0,23.0,147.0,645.0,1941.0,137.0,164.5
623513.0,211.0,245.0,3740.0,4236.0,6966.0,18419.0,4504.0,1352.3
150771.0,2.0,33.0,56.0,190.0,676.0,2251.0,165.0,186.4
173062.0,11.0,38.0,105.0,416.0,1422.0,3225.0,317.0,329.4
56486.0,2.0,9.0,28.0,261.0,645.0,1283.0,175.0,531.1
23980.0,1.0,13.0,16.0,78.0,260.0,552.0,29.0,450.4
662025.0,32.0,192.0,1401.0,4580.0,11964.0,25811.0,3203.0,937.3
243718.0,4.0,41.0,113.0,448.0,625.0,3025.0,83.0,248.6
95644.0,1.0,24.0,45.0,290.0,415.0,1401.0,142.0,376.4
51942.0,1.0,7.0,28.0,212.0,423.0,1852.0,41.0,477.5
232717.0,3.0,34.0,205.0,486.0,692.0,3100.0,178.0,312.8
72516.0,2.0,9.0,27.0,356.0,757.0,1651.0,191.0,543.3
36544.0,1.0,3.0,8.0,49.0,215.0,643.0,57.0,166.9
765496.0,31.0,237.0,1728.0,4576.0,6246.0,21529.0,3297.0,858.5
74893.0,1.0,22.0,31.0,208.0,555.0,1631.0,93.0,349.8
27164.0,2.0,4.0,2.0,30.0,197.0,236.0,24.0,139.9
36985.0,2.0,7.0,6.0,172.0,247.0,500.0,30.0,505.6
575310.0,15.0,120.0,520.0,462.0,5766.0,16184.0,1739.0,194.2
788266.0,35.0,143.0,2090.0,3445.0,4812.0,18357.0,3463.0,724.8
95370.0,6.0,40.0,114.0,267.0,1343.0,3161.0,440.0,447.7
797794.0,20.0,126.0,1341.0,2862.0,4119.0,18129.0,1880.0,545.1
26926.0,1.0,6.0,5.0,89.0,216.0,293.0,38.0,375.1
24470.0,0.0,14.0,11.0,115.0,210.0,443.0,36.0,572.1
250706.0,6.0,64.0,165.0,376.0,674.0,2875.0,106.0,243.7
221305.0,9.0,35.0,181.0,527.0,872.0,2882.0,224.0,339.8
504601.0,17.0,94.0,754.0,2742.0,3191.0,13501.0,1484.0,714.8
114031.0,7.0,24.0,38.0,146.0,249.0,1194.0,86.0,188.5
22534.0,3.0,3.0,6.0,103.0,176.0,349.0,43.0,510.3
87133.0,2.0,15.0,26.0,188.0,343.0,1188.0,86.0,265.1
27972.0,1.0,10.0,5.0,117.0,198.0,458.0,40.0,475.5
621252.0,344.0,287.0,4378.0,4671.0,7803.0,18100.0,5541.0,1558.1
192284.0,6.0,43.0,135.0,404.0,1673.0,5545.0,935.0,305.8
25520.0,0.0,6.0,16.0,54.0,277.0,432.0,43.0,297.8
26491.0,2.0,6.0,6.0,34.0,260.0,416.0,22.0,181.2
70577.0,2.0,20.0,42.0,189.0,404.0,1182.0,57.0,358.5
748099.0,304.0,702.0,10793.0,7295.0,16394.0,40406.0,10618.0,2552.3
813307.0,13.0,160.0,1038.0,1075.0,4670.0,24449.0,3329.0,281.1
49804.0,0.0,8.0,42.0,221.0,439.0,1789.0,71.0,544.1
55035.0,3.0,11.0,23.0,78.0,548.0,969.0,82.0,209.0
184690.0,1.0,48.0,96.0,528.0,829.0,3013.0,213.0,364.4
116584.0,5.0,14.0,73.0,579.0,761.0,2597.0,141.0,575.6
71845.0,0.0,19.0,20.0,244.0,394.0,1624.0,78.0,393.9
26259.0,1.0,3.0,21.0,71.0,234.0,626.0,40.0,365.6
105411.0,4.0,12.0,40.0,267.0,486.0,1655.0,103.0,306.4
80901.0,3.0,23.0,51.0,260.0,541.0,1452.0,70.0,416.6
101533.0,2.0,11.0,44.0,247.0,519.0,1567.0,135.0,299.4
102522.0,2.0,20.0,63.0,221.0,331.0,1610.0,143.0,298.5
28420.0,2.0,17.0,11.0,88.0,190.0,405.0,28.0,415.2
101154.0,8.0,28.0,89.0,509.0,843.0,2707.0,457.0,626.8
32453.0,1.0,12.0,39.0,135.0,219.0,909.0,51.0,576.2
33693.0,1.0,13.0,21.0,91.0,342.0,633.0,42.0,374.0
910354.0,75.0,201.0,1211.0,1341.0,1696.0,12325.0,2714.0,310.6
49023.0,2.0,11.0,8.0,99.0,213.0,741.0,28.0,244.8
31147.0,0.0,9.0,43.0,122.0,229.0,840.0,77.0,558.6
124225.0,6.0,41.0,186.0,642.0,698.0,2906.0,464.0,704.4
822814.0,20.0,125.0,1511.0,2544.0,3949.0,18301.0,1463.0,510.4
75274.0,1.0,15.0,21.0,343.0,384.0,1591.0,102.0,504.8
251859.0,10.0,53.0,133.0,342.0,477.0,2290.0,84.0,213.6
943025.0,21.0,136.0,1192.0,882.0,3760.0,19678.0,2384.0,236.6
427239.0,16.0,131.0,462.0,1017.0,4329.0,12448.0,2197.0,380.6
32795.0,0.0,6.0,11.0,39.0,149.0,428.0,34.0,170.8
79936.0,4.0,42.0,158.0,436.0,868.0,2493.0,218.0,800.6
86000.0,1.0,9.0,21.0,115.0,535.0,1055.0,86.0,169.8
769456.0,26.0,220.0,1045.0,1281.0,5263.0,23538.0,3378.0,334.3
55740.0,3.0,11.0,34.0,119.0,572.0,1295.0,131.0,299.6
669127.0,76.0,375.0,2998.0,2257.0,12622.0,24061.0,4587.0,852.8
114891.0,6.0,18.0,59.0,214.0,788.0,1788.0,167.0,258.5
48890.0,0.0,6.0,17.0,73.0,187.0,490.0,21.0,196.4
29166.0,0.0,6.0,2.0,52.0,84.0,277.0,14.0,205.7
680363.0,52.0,288.0,2445.0,2024.0,11342.0,27861.0,4722.0,706.8
764160.0,127.0,413.0,3984.0,3815.0,10352.0,28544.0,9477.0,1091.3
32174.0,0.0,4.0,33.0,149.0,274.0,877.0,70.0,578.1
120546.0,4.0,27.0,130.0,532.0,635.0,2801.0,365.0,574.9
19624.0,4.0,5.0,5.0,45.0,202.0,251.0,11.0,300.7
150339.0,6.0,24.0,153.0,296.0,809.0,2195.0,231.0,318.6
73599.0,4.0,17.0,46.0,232.0,685.0,1975.0,170.0,406.3
162578.0,5.0,64.0,127.0,393.0,304.0,2067.0,162.0,362.3
508071.0,24.0,93.0,753.0,2633.0,3107.0,13234.0,1441.0,689.5
79034.0,4.0,47.0,192.0,505.0,1156.0,3103.0,222.0,946.4
245356.0,7.0,34.0,107.0,448.0,591.0,2800.0,110.0,242.9
19856.0,0.0,3.0,8.0,47.0,140.0,211.0,29.0,292.1
719587.0,313.0,480.0,8665.0,8072.0,12841.0,39581.0,8856.0,2436.1
30124.0,1.0,3.0,21.0,159.0,272.0,640.0,37.0,610.8
573631.0,25.0,168.0,473.0,1382.0,1359.0,8445.0,688.0,357.0
103219.0,1.0,36.0,77.0,312.0,392.0,1925.0,89.0,412.7
241868.0,5.0,18.0,141.0,450.0,742.0,3234.0,150.0,253.9
1054933.0,26.0,319.0,737.0,805.0,1658.0,13449.0,828.0,178.9
671342.0,37.0,349.0,2295.0,2022.0,12325.0,26254.0,4044.0,700.5
78947.0,1.0,11.0,12.0,97.0,432.0,1393.0,60.0,153.3
130240.0,4.0,38.0,152.0,579.0,709.0,3036.0,585.0,593.5
19220.0,0.0,7.0,3.0,29.0,135.0,274.0,28.0,202.9
33812.0,3.0,6.0,14.0,66.0,223.0,704.0,36.0,263.2
70140.0,0.0,24.0,44.0,160.0,349.0,1111.0,61.0,325.1
784118.0,29.0,198.0,1565.0,4388.0,4942.0,19019.0,2936.0,788.1
29991.0,1.0,6.0,8.0,163.0,280.0,738.0,27.0,593.5
216208.0,6.0,34.0,146.0,377.0,936.0,3582.0,359.0,260.4
93582.0,3.0,12.0,32.0,261.0,488.0,1314.0,107.0,329.1
30380.0,4.0,10.0,36.0,154.0,349.0,744.0,46.0,671.5
29839.0,0.0,2.0,5.0,121.0,174.0,375.0,23.0,429.0
79503.0,3.0,36.0,156.0,538.0,1036.0,3341.0,248.0,922.0
46543.0,0.0,18.0,52.0,281.0,400.0,1871.0,96.0,754.1
23440.0,4.0,4.0,10.0,86.0,214.0,294.0,30.0,443.7
663207.0,51.0,393.0,2613.0,2314.0,12417.0,26833.0,4466.0,809.9
30681.0,3.0,13.0,22.0,152.0,200.0,547.0,48.0,619.3
70868.0,2.0,14.0,31.0,259.0,677.0,1185.0,170.0,431.8
74946.0,0.0,17.0,15.0,206.0,464.0,1620.0,66.0,317.6
769740.0,142.0,344.0,4078.0,4499.0,9319.0,30052.0,11644.0,1177.4
54901.0,4.0,14.0,22.0,157.0,706.0,1116.0,138.0,358.8
110294.0,3.0,6.0,62.0,172.0,641.0,1741.0,119.0,220.3
96782.0,5.0,15.0,61.0,239.0,557.0,1662.0,177.0,330.6
90031.0,4.0,14.0,27.0,62.0,381.0,1190.0,64.0,118.8
831374.0,35.0,319.0,1498.0,2564.0,3695.0,17763.0,2070.0,531.2
798175.0,227.0,553.0,9357.0,6592.0,16501.0,36520.0,4462.0,2095.9
28138.0,1.0,4.0,4.0,95.0,153.0,328.0,40.0,369.6
75155.0,1.0,15.0,8.0,340.0,441.0,1739.0,69.0,484.3
102047.0,2.0,23.0,155.0,566.0,977.0,2439.0,248.0,731.0
35792.0,0.0,10.0,4.0,92.0,246.0,544.0,39.0,296.2
70413.0,3.0,39.0,108.0,416.0,1080.0,2321.0,140.0,803.8
160989.0,2.0,48.0,113.0,357.0,1725.0,5121.0,799.0,323.0
36680.0,4.0,13.0,16.0,139.0,722.0,2186.0,88.0,468.9
75723.0,5.0,13.0,33.0,330.0,629.0,1435.0,167.0,503.1
31034.0,0.0,15.0,26.0,176.0,333.0,815.0,54.0,699.2
24671.0,2.0,7.0,9.0,113.0,230.0,435.0,33.0,531.0
128265.0,4.0,22.0,107.0,280.0,667.0,1960.0,258.0,322.0
58201.0,2.0,11.0,16.0,179.0,300.0,841.0,48.0,357.4
776836.0,107.0,305.0,3146.0,4310.0,8913.0,27506.0,9836.0,1012.8
860974.0,200.0,460.0,7764.0,5788.0,15443.0,32711.0,5903.0,1650.7
85901.0,3.0,41.0,166.0,806.0,932.0,2753.0,231.0,1182.8
464193.0,12.0,90.0,580.0,1416.0,3817.0,14055.0,1760.0,452.0
711951.0,122.0,302.0,3517.0,3468.0,9981.0,21493.0,10391.0,1040.7
98637.0,1.0,18.0,22.0,199.0,527.0,1347.0,68.0,243.3
26795.0,3.0,17.0,15.0,155.0,667.0,1423.0,90.0,709.1
30640.0,2.0,19.0,41.0,198.0,255.0,743.0,68.0,848.6
692134.0,34.0,262.0,1709.0,5000.0,7996.0,22892.0,5098.0,1012.1
511140.0,16.0,110.0,767.0,2403.0,2986.0,12391.0,1631.0,644.8
50455.0,3.0,10.0,20.0,90.0,565.0,877.0,85.0,243.8
229831.0,5.0,46.0,248.0,657.0,1082.0,3857.0,330.0,416.0
31500.0,5.0,5.0,49.0,101.0,265.0,871.0,56.0,507.9
31548.0,1.0,5.0,10.0,97.0,294.0,520.0,42.0,358.2
32294.0,0.0,6.0,5.0,51.0,153.0,487.0,27.0,192.0
23528.0,3.0,5.0,15.0,90.0,225.0,410.0,31.0,480.3
201237.0,5.0,50.0,148.0,691.0,802.0,3344.0,263.0,444.3
31953.0,2.0,21.0,19.0,141.0,645.0,1737.0,110.0,572.7
146846.0,6.0,22.0,100.0,320.0,1332.0,3173.0,226.0,305.1
651154.0,261.0,366.0,6634.0,8774.0,10751.0,32134.0,7871.0,2462.6
62450.0,5.0,15.0,10.0,210.0,377.0,1104.0,39.0,384.3
112764.0,2.0,9.0,78.0,223.0,1123.0,2321.0,154.0,276.7
26937.0,0.0,5.0,2.0,30.0,212.0,427.0,31.0,137.4
286963.0,5.0,26.0,222.0,313.0,1393.0,5023.0,389.0,197.2
18312.0,0.0,1.0,3.0,60.0,143.0,306.0,20.0,349.5
38253.0,1.0,9.0,15.0,48.0,194.0,459.0,11.0,190.8
846910.0,13.0,136.0,713.0,830.0,3873.0,19017.0,2667.0,199.8
638755.0,238.0,158.0,3726.0,5579.0,7856.0,17101.0,4632.0,1518.7
650588.0,305.0,374.0,7462.0,10536.0,12386.0,37524.0,7255.0,2870.8
140302.0,6.0,25.0,117.0,558.0,964.0,2618.0,198.0,503.2
18000.0,2.0,3.0,13.0,88.0,265.0,350.0,20.0,588.9
399108.0,20.0,133.0,369.0,979.0,5382.0,11299.0,1533.0,376.1
118443.0,5.0,34.0,80.0,460.0,1826.0,4196.0,385.0,488.8
41801.0,0.0,7.0,14.0,160.0,193.0,615.0,36.0,433.0
17171.0,0.0,7.0,4.0,31.0,105.0,295.0,18.0,244.6
767869.0,83.0,347.0,3263.0,3579.0,9203.0,27344.0,9287.0,947.0
763880.0,237.0,519.0,7418.0,6592.0,14359.0,33531.0,8468.0,1933.0
295972.0,5.0,33.0,178.0,364.0,1185.0,4921.0,313.0,196.0
59758.0,7.0,16.0,32.0,116.0,610.0,1393.0,100.0,286.2
32665.0,0.0,8.0,15.0,71.0,244.0,653.0,22.0,287.8
17127.0,1.0,10.0,3.0,44.0,168.0,292.0,18.0,338.6
331390.0,16.0,74.0,413.0,1514.0,5662.0,12736.0,1986.0,608.6
88574.0,1.0,15.0,43.0,357.0,614.0,1827.0,195.0,469.7
40299.0,1.0,13.0,4.0,212.0,328.0,549.0,66.0,570.7
771097.0,213.0,594.0,7794.0,6949.0,13988.0,31810.0,6027.0,2016.6
131923.0,6.0,21.0,68.0,344.0,670.0,2184.0,307.0,332.8
34314.0,0.0,8.0,19.0,44.0,155.0,691.0,28.0,206.9
111930.0,2.0,28.0,31.0,166.0,413.0,1591.0,71.0,202.8
60837.0,7.0,9.0,10.0,121.0,540.0,1085.0,54.0,241.6
33080.0,2.0,10.0,28.0,83.0,328.0,703.0,57.0,371.8
27845.0,4.0,16.0,38.0,178.0,790.0,1520.0,113.0,847.5
30885.0,3.0,10.0,15.0,109.0,261.0,799.0,92.0,443.6
43233.0,0.0,6.0,15.0,145.0,185.0,644.0,37.0,384.0
53509.0,4.0,11.0,14.0,71.0,613.0,1124.0,65.0,186.9
160504.0,2.0,42.0,39.0,321.0,526.0,1907.0,143.0,251.7
76343.0,2.0,18.0,30.0,306.0,499.0,1242.0,160.0,466.3
148210.0,0.0,25.0,115.0,306.0,692.0,2145.0,191.0,300.9
168903.0,3.0,19.0,47.0,237.0,689.0,1948.0,84.0,181.2
690668.0,31.0,200.0,1394.0,5289.0,9612.0,23011.0,3691.0,1001.1
624237.0,282.0,146.0,3926.0,5875.0,7431.0,17077.0,5821.0,1638.6
31048.0,1.0,6.0,29.0,104.0,237.0,735.0,39.0,450.9
113100.0,0.0,15.0,85.0,166.0,765.0,1728.0,155.0,235.2
18820.0,0.0,6.0,2.0,77.0,126.0,321.0,31.0,451.6
361749.0,13.0,84.0,301.0,728.0,4430.0,10633.0,1264.0,311.3
98064.0,4.0,7.0,102.0,377.0,884.0,1848.0,310.0,499.7
26703.0,1.0,8.0,26.0,164.0,753.0,1423.0,84.0,745.2
639872.0,23.0,196.0,1085.0,3945.0,10138.0,24572.0,3306.0,820.3
125217.0,3.0,23.0,83.0,509.0,915.0,2240.0,179.0,493.5
16877.0,0.0,2.0,4.0,39.0,109.0,375.0,17.0,266.6
139202.0,4.0,24.0,202.0,499.0,714.0,3117.0,435.0,523.7
748546.0,134.0,452.0,3786.0,3917.0,9882.0,26914.0,10210.0,1107.3
167742.0,1.0,37.0,29.0,181.0,213.0,1311.0,72.0,147.8
75891.0,2.0,13.0,18.0,302.0,386.0,1638.0,75.0,441.4
19664.0,0.0,6.0,22.0,50.0,131.0,170.0,3.0,396.7
37221.0,0.0,18.0,16.0,49.0,150.0,544.0,14.0,223.0
32243.0,1.0,13.0,17.0,159.0,218.0,810.0,52.0,589.3
144219.0,7.0,38.0,137.0,324.0,679.0,2338.0,240.0,350.9
154633.0,2.0,23.0,148.0,373.0,507.0,2387.0,157.0,353.1
29991.0,2.0,7.0,3.0,51.0,156.0,346.0,22.0,210.1
36063.0,0.0,7.0,29.0,76.0,174.0,755.0,37.0,310.6
36983.0,0.0,14.0,9.0,86.0,71.0,290.0,7.0,294.7
73834.0,4.0,28.0,63.0,154.0,547.0,1787.0,54.0,337.2
817761.0,23.0,147.0,1368.0,2643.0,4079.0,17978.0,1572.0,511.3
27035.0,1.0,13.0,6.0,39.0,150.0,325.0,40.0,218.2
126701.0,5.0,27.0,70.0,265.0,755.0,1948.0,180.0,289.7
36329.0,0.0,15.0,8.0,57.0,160.0,562.0,60.0,220.2
87492.0,4.0,12.0,12.0,294.0,374.0,1110.0,68.0,368.0
102475.0,5.0,25.0,148.0,321.0,542.0,2366.0,96.0,486.9
703563.0,24.0,278.0,2151.0,5221.0,8308.0,24893.0,5913.0,1090.7
313717.0,2.0,69.0,226.0,426.0,787.0,4321.0,208.0,230.5
18550.0,0.0,5.0,9.0,71.0,155.0,278.0,23.0,458.2
107514.0,0.0,25.0,35.0,272.0,640.0,1510.0,126.0,308.8
255406.0,7.0,38.0,218.0,210.0,1294.0,5469.0,619.0,185.2
19592.0,0.0,3.0,14.0,24.0,89.0,158.0,6.0,209.3
59799.0,3.0,14.0,23.0,149.0,542.0,1229.0,69.0,316.1
186946.0,6.0,45.0,116.0,436.0,1435.0,3666.0,349.0,322.6
75974.0,1.0,22.0,45.0,381.0,735.0,1321.0,121.0,591.0
76925.0,1.0,12.0,16.0,333.0,483.0,1749.0,97.0,470.6
639927.0,223.0,266.0,3361.0,5502.0,7646.0,16626.0,4421.0,1461.4
53726.0,2.0,18.0,27.0,185.0,836.0,1180.0,145.0,431.8
29772.0,0.0,12.0,10.0,195.0,205.0,512.0,44.0,728.9
25963.0,2.0,6.0,12.0,76.0,211.0,424.0,29.0,369.8
49082.0,0.0,23.0,63.0,346.0,360.0,1798.0,93.0,880.2
34871.0,4.0,12.0,6.0,119.0,372.0,712.0,42.0,404.3
662253.0,315.0,470.0,7718.0,7605.0,13279.0,36853.0,7375.0,2432.3
39694.0,2.0,29.0,45.0,267.0,366.0,1965.0,93.0,864.1
57261.0,4.0,11.0,43.0,95.0,543.0,1218.0,109.0,267.2
121601.0,1.0,21.0,110.0,269.0,1262.0,3749.0,332.0,329.8
834727.0,35.0,326.0,1536.0,3166.0,3128.0,18178.0,2029.0,606.5
150897.0,1.0,36.0,58.0,338.0,655.0,2275.0,142.0,287.0
99909.0,1.0,15.0,45.0,266.0,616.0,1605.0,128.0,327.3
24747.0,0.0,18.0,16.0,90.0,193.0,402.0,35.0,501.1
26226.0,2.0,8.0,14.0,47.0,126.0,371.0,17.0,270.7
48932.0,2.0,5.0,22.0,87.0,247.0,576.0,22.0,237.1
32500.0,1.0,10.0,9.0,94.0,212.0,479.0,29.0,350.8
27553.0,1.0,11.0,2.0,85.0,226.0,260.0,31.0,359.3
67202.0,4.0,12.0,35.0,233.0,704.0,2093.0,173.0,422.6
71622.0,5.0,16.0,65.0,159.0,388.0,1642.0,44.0,342.1
152673.0,2.0,39.0,86.0,667.0,868.0,3062.0,215.0,520.1
717879.0,31.0,288.0,2180.0,4761.0,7353.0,24678.0,6289.0,1011.3
77221.0,6.0,31.0,50.0,332.0,958.0,1447.0,86.0,542.6
787558.0,31.0,152.0,1730.0,3018.0,4448.0,19661.0,2940.0,626.1
76175.0,1.0,20.0,15.0,282.0,511.0,1580.0,60.0,417.5
26502.0,1.0,1.0,5.0,35.0,210.0,389.0,34.0,158.5
347538.0,16.0,118.0,396.0,656.0,5091.0,10783.0,1436.0,341.3
34904.0,2.0,6.0,5.0,129.0,306.0,584.0,42.0,406.8
145781.0,3.0,15.0,116.0,308.0,701.0,2234.0,246.0,303.2
27369.0,0.0,3.0,2.0,49.0,192.0,348.0,24.0,197.3
51304.0,0.0,12.0,24.0,88.0,215.0,1178.0,34.0,241.7
48773.0,0.0,7.0,21.0,81.0,196.0,540.0,18.0,223.5
172506.0,4.0,40.0,141.0,555.0,812.0,3222.0,267.0,429.0
97748.0,1.0,16.0,24.0,217.0,548.0,1561.0,92.0,263.9
25916.0,2.0,4.0,18.0,103.0,270.0,577.0,37.0,490.0
23836.0,0.0,7.0,9.0,54.0,221.0,364.0,24.0,293.7
90403.0,1.0,14.0,15.0,110.0,238.0,905.0,41.0,154.9
76043.0,1.0,22.0,29.0,268.0,426.0,1805.0,119.0,420.8
27637.0,5.0,8.0,16.0,113.0,215.0,635.0,33.0,513.8
30134.0,2.0,9.0,21.0,157.0,203.0,612.0,37.0,627.2
35600.0,2.0,18.0,33.0,254.0,624.0,2047.0,121.0,862.4
102783.0,3.0,15.0,69.0,235.0,479.0,1549.0,143.0,313.3
92622.0,1.0,15.0,13.0,111.0,99.0,574.0,53.0,151.2
75413.0,3.0,22.0,42.0,201.0,571.0,1904.0,67.0,355.4
19197.0,0.0,3.0,14.0,41.0,141.0,196.0,13.0,302.1
702944.0,101.0,420.0,2856.0,3532.0,10190.0,22538.0,10035.0,982.9
50047.0,0.0,21.0,42.0,338.0,321.0,1725.0,92.0,801.2
73530.0,2.0,19.0,47.0,242.0,675.0,2231.0,144.0,421.6
122120.0,6.0,20.0,76.0,443.0,898.0,2344.0,173.0,446.3
49347.0,2.0,25.0,59.0,337.0,427.0,1581.0,101.0,857.2
19116.0,0.0,5.0,5.0,17.0,37.0,108.0,2.0,141.2
150927.0,8.0,49.0,84.0,336.0,362.0,1277.0,133.0,316.0
19970.0,1.0,5.0,10.0,100.0,283.0,269.0,28.0,580.9
25481.0,2.0,17.0,16.0,80.0,145.0,332.0,15.0,451.3
39686.0,2.0,11.0,10.0,161.0,355.0,586.0,46.0,463.6
89458.0,4.0,34.0,211.0,674.0,1080.0,2846.0,205.0,1031.8
73125.0,9.0,42.0,109.0,550.0,896.0,2171.0,166.0,970.9
252641.0,3.0,57.0,103.0,370.0,364.0,2519.0,107.0,211.0
48884.0,2.0,20.0,42.0,284.0,424.0,1794.0,106.0,711.9
128265.0,1.0,23.0,88.0,318.0,698.0,2251.0,222.0,335.2
225262.0,5.0,45.0,237.0,554.0,1150.0,4477.0,438.0,373.3
724348.0,23.0,256.0,2482.0,4572.0,7266.0,25894.0,4185.0,1012.4
20388.0,0.0,3.0,9.0,53.0,165.0,209.0,16.0,318.8
87121.0,1.0,32.0,172.0,518.0,958.0,2407.0,144.0,829.9
727051.0,30.0,190.0,1708.0,4171.0,6194.0,20975.0,2953.0,838.9
757027.0,25.0,204.0,863.0,1106.0,4973.0,20295.0,3023.0,290.3
60281.0,10.0,12.0,39.0,102.0,777.0,1828.0,129.0,270.4
700068.0,33.0,225.0,1810.0,5240.0,8468.0,21519.0,4480.0,1043.9
48088.0,0.0,12.0,9.0,96.0,206.0,681.0,30.0,243.3
26593.0,3.0,9.0,9.0,54.0,147.0,338.0,9.0,282.0
90882.0,1.0,14.0,38.0,268.0,457.0,1289.0,127.0,353.2
739180.0,321.0,639.0,11303.0,8748.0,16026.0,43636.0,13603.0,2842.5
91587.0,2.0,12.0,14.0,79.0,151.0,743.0,57.0,116.8
48839.0,0.0,7.0,14.0,95.0,131.0,456.0,17.0,237.5
783542.0,240.0,660.0,8008.0,6369.0,14388.0,30796.0,6884.0,1949.7
31079.0,3.0,4.0,22.0,135.0,366.0,914.0,46.0,527.7
30549.0,6.0,6.0,15.0,142.0,347.0,842.0,53.0,553.2
81735.0,3.0,32.0,54.0,250.0,619.0,1838.0,104.0,414.8
243988.0,4.0,60.0,228.0,592.0,809.0,3482.0,251.0,362.3
27063.0,3.0,7.0,15.0,96.0,256.0,509.0,36.0,447.1
19795.0,0.0,7.0,10.0,61.0,77.0,196.0,21.0,394.0
671028.0,253.0,179.0,4764.0,8667.0,8814.0,27301.0,6572.0,2065.9
376525.0,19.0,83.0,420.0,844.0,4614.0,11667.0,1128.0,362.8
692703.0,24.0,194.0,1661.0,4714.0,8703.0,24059.0,4606.0,951.8
145349.0,2.0,35.0,171.0,505.0,707.0,2715.0,290.0,490.5
51606.0,0.0,12.0,24.0,94.0,186.0,1086.0,30.0,251.9
69972.0,0.0,16.0,12.0,220.0,340.0,973.0,69.0,354.4
17266.0,2.0,3.0,6.0,36.0,108.0,237.0,22.0,272.2
149938.0,6.0,18.0,121.0,243.0,785.0,2153.0,166.0,258.8
106148.0,1.0,23.0,61.0,186.0,712.0,1841.0,133.0,255.3
82605.0,5.0,9.0,19.0,89.0,347.0,1412.0,67.0,147.7
38020.0,0.0,7.0,16.0,78.0,161.0,617.0,21.0,265.6
75799.0,6.0,30.0,62.0,153.0,608.0,1866.0,43.0,331.1
32578.0,0.0,6.0,36.0,108.0,188.0,763.0,19.0,460.4
16970.0,0.0,2.0,2.0,42.0,137.0,400.0,16.0,271.1
29765.0,0.0,14.0,14.0,174.0,291.0,608.0,56.0,678.6
155503.0,5.0,31.0,50.0,305.0,527.0,1948.0,135.0,251.4
80410.0,3.0,35.0,49.0,271.0,581.0,1424.0,70.0,445.2
199021.0,6.0,34.0,123.0,418.0,1207.0,3678.0,403.0,291.9
247842.0,7.0,37.0,166.0,293.0,1271.0,5574.0,486.0,203.0
23895.0,5.0,13.0,12.0,55.0,228.0,441.0,15.0,355.7
52191.0,1.0,31.0,39.0,163.0,189.0,1085.0,28.0,448.4
24139.0,3.0,16.0,16.0,90.0,235.0,450.0,31.0,517.8
32693.0,0.0,13.0,23.0,87.0,263.0,618.0,66.0,376.2
153629.0,6.0,40.0,104.0,280.0,1590.0,5147.0,823.0,279.9
138238.0,1.0,30.0,63.0,268.0,654.0,2251.0,170.0,261.9
28900.0,3.0,5.0,41.0,252.0,314.0,734.0,20.0,1041.5
681068.0,32.0,207.0,1419.0,3995.0,8490.0,23534.0,3863.0,830.0
31533.0,1.0,9.0,26.0,146.0,252.0,678.0,30.0,577.2
914736.0,81.0,130.0,1252.0,1486.0,2715.0,13740.0,3154.0,322.4
322066.0,5.0,70.0,202.0,498.0,810.0,4342.0,357.0,240.6
87228.0,5.0,42.0,187.0,558.0,956.0,2454.0,198.0,908.0
28898.0,0.0,18.0,0.0,61.0,65.0,283.0,5.0,273.4
32432.0,4.0,8.0,35.0,85.0,200.0,829.0,58.0,407.0
211070.0,5.0,42.0,118.0,675.0,765.0,2969.0,240.0,398.0
48821.0,1.0,2.0,8.0,82.0,169.0,623.0,29.0,190.5
808499.0,21.0,222.0,1088.0,1190.0,4817.0,24307.0,3388.0,311.8
671586.0,28.0,176.0,1087.0,4900.0,8727.0,20884.0,2775.0,921.8
668705.0,34.0,150.0,1272.0,4627.0,8923.0,20994.0,2774.0,909.7
26409.0,1.0,7.0,25.0,68.0,268.0,420.0,12.0,382.4
81418.0,5.0,28.0,48.0,382.0,763.0,1657.0,126.0,568.7
64123.0,1.0,10.0,24.0,312.0,452.0,1029.0,51.0,541.1
79956.0,4.0,40.0,116.0,368.0,1041.0,2442.0,253.0,660.4
17842.0,1.0,7.0,3.0,42.0,126.0,328.0,31.0,297.1
826893.0,96.0,221.0,3324.0,2980.0,8219.0,22660.0,7266.0,800.7
87228.0,0.0,20.0,45.0,384.0,571.0,1771.0,186.0,514.7
103748.0,4.0,17.0,70.0,237.0,909.0,2073.0,138.0,316.2
55194.0,1.0,13.0,24.0,141.0,637.0,1046.0,144.0,324.3
27500.0,3.0,8.0,5.0,52.0,279.0,418.0,23.0,247.3
637556.0,276.0,139.0,4260.0,6196.0,7664.0,18846.0,6276.0,1705.1
60743.0,4.0,15.0,34.0,136.0,939.0,1759.0,139.0,311.1
137032.0,5.0,43.0,127.0,345.0,1502.0,4752.0,453.0,379.5
651337.0,26.0,190.0,1223.0,4456.0,11793.0,25663.0,3287.0,905.1
729268.0,112.0,493.0,4033.0,3879.0,9989.0,24037.0,10199.0,1167.9
42454.0,1.0,20.0,64.0,256.0,413.0,1989.0,112.0,803.2
47621.0,1.0,8.0,7.0,149.0,279.0,612.0,59.0,346.5
139251.0,3.0,36.0,117.0,340.0,1736.0,5178.0,676.0,356.2
19547.0,1.0,7.0,17.0,42.0,159.0,246.0,20.0,342.8
89083.0,2.0,13.0,35.0,136.0,515.0,1180.0,87.0,208.8
126632.0,1.0,33.0,61.0,121.0,744.0,2406.0,182.0,170.6
128820.0,6.0,31.0,119.0,366.0,709.0,2048.0,319.0,405.2
142320.0,4.0,33.0,198.0,611.0,756.0,3049.0,438.0,594.4
641097.0,269.0,162.0,3935.0,6943.0,7388.0,20132.0,6232.0,1764.0
826987.0,33.0,348.0,878.0,2566.0,3258.0,11608.0,1354.0,462.5
57726.0,4.0,14.0,17.0,178.0,286.0,774.0,52.0,369.0
29715.0,5.0,7.0,30.0,157.0,271.0,645.0,53.0,669.7
19372.0,4.0,2.0,6.0,47.0,189.0,307.0,25.0,304.6
27475.0,3.0,7.0,12.0,54.0,184.0,411.0,37.0,276.6
29929.0,4.0,3.0,27.0,215.0,301.0,757.0,25.0,832.0
25914.0,0.0,5.0,19.0,97.0,269.0,679.0,44.0,466.9
110842.0,0.0,22.0,58.0,183.0,513.0,1625.0,73.0,237.3
100148.0,5.0,30.0,148.0,371.0,764.0,2490.0,108.0,553.2
112779.0,1.0,36.0,57.0,155.0,446.0,1391.0,76.0,220.8
376172.0,23.0,85.0,488.0,820.0,5105.0,12638.0,1276.0,376.4
625474.0,216.0,317.0,3635.0,4657.0,7796.0,17849.0,3987.0,1410.9
309341.0,5.0,40.0,201.0,368.0,869.0,4629.0,231.0,198.5
143833.0,7.0,35.0,185.0,474.0,598.0,2862.0,272.0,487.4
28437.0,3.0,14.0,36.0,155.0,235.0,694.0,65.0,731.4
24948.0,2.0,4.0,23.0,48.0,246.0,528.0,28.0,308.6
1055918.0,18.0,370.0,460.0,912.0,1300.0,12397.0,1137.0,166.7
25115.0,0.0,10.0,12.0,102.0,123.0,387.0,29.0,493.7
101897.0,7.0,43.0,126.0,300.0,636.0,2587.0,96.0,467.1
91279.0,1.0,19.0,33.0,141.0,517.0,1401.0,114.0,212.5
323435.0,1.0,73.0,130.0,441.0,442.0,3855.0,255.0,199.4
83923.0,2.0,2.0,24.0,59.0,581.0,1384.0,73.0,103.7
88299.0,2.0,31.0,42.0,201.0,426.0,1331.0,75.0,312.6
35949.0,4.0,17.0,29.0,270.0,543.0,1828.0,90.0,890.1
517763.0,16.0,95.0,746.0,2063.0,3067.0,12763.0,1134.0,564.0
251523.0,5.0,34.0,199.0,277.0,1584.0,5757.0,588.0,204.8
140687.0,4.0,18.0,111.0,388.0,702.0,2306.0,261.0,370.3
103916.0,0.0,20.0,45.0,243.0,435.0,1506.0,115.0,296.4
107103.0,5.0,22.0,100.0,436.0,697.0,3015.0,405.0,525.7
49355.0,4.0,8.0,53.0,169.0,423.0,1905.0,80.0,474.1
39957.0,0.0,6.0,8.0,64.0,306.0,776.0,61.0,195.2
25664.0,0.0,1.0,5.0,26.0,164.0,274.0,44.0,124.7
33303.0,3.0,11.0,21.0,80.0,337.0,571.0,40.0,345.3
114614.0,4.0,17.0,52.0,225.0,1049.0,2396.0,133.0,260.0
31610.0,4.0,11.0,28.0,169.0,220.0,810.0,79.0,670.7
235598.0,3.0,31.0,127.0,432.0,699.0,3107.0,174.0,251.7
19717.0,1.0,6.0,5.0,51.0,311.0,285.0,18.0,319.5
712209.0,325.0,684.0,11397.0,9172.0,16705.0,46750.0,11210.0,3029.7
570275.0,28.0,96.0,638.0,360.0,5584.0,15999.0,1655.0,196.7
22600.0,3.0,6.0,7.0,32.0,164.0,250.0,19.0,212.4
127271.0,2.0,29.0,64.0,570.0,817.0,2227.0,199.0,522.5
129114.0,7.0,30.0,106.0,236.0,1448.0,4345.0,437.0,293.5
19783.0,0.0,8.0,16.0,66.0,117.0,281.0,20.0,454.9
72343.0,7.0,17.0,39.0,245.0,730.0,2062.0,198.0,425.7
50313.0,0.0,10.0,5.0,57.0,70.0,334.0,28.0,143.1
18702.0,1.0,6.0,7.0,61.0,116.0,248.0,17.0,401.0
149634.0,3.0,21.0,104.0,259.0,809.0,2038.0,214.0,258.6
22593.0,1.0,3.0,8.0,58.0,163.0,232.0,16.0,309.8
48251.0,3.0,5.0,21.0,120.0,207.0,700.0,43.0,308.8
30549.0,0.0,9.0,22.0,154.0,211.0,631.0,49.0,605.6
19926.0,0.0,2.0,11.0,67.0,141.0,201.0,12.0,401.5
166742.0,2.0,21.0,55.0,178.0,352.0,1584.0,65.0,153.5
16225.0,0.0,1.0,11.0,36.0,136.0,302.0,26.0,295.8
159441.0,8.0,39.0,126.0,367.0,408.0,2090.0,182.0,338.7
90650.0,8.0,45.0,266.0,612.0,1130.0,3026.0,258.0,1027.0
795132.0,34.0,199.0,937.0,1145.0,4625.0,23696.0,3370.0,291.1
102067.0,4.0,28.0,161.0,386.0,898.0,2368.0,175.0,567.3
30582.0,0.0,9.0,10.0,126.0,209.0,605.0,77.0,474.1
675231.0,58.0,341.0,2742.0,2305.0,10323.0,21022.0,4321.0,806.5
266623.0,1.0,40.0,224.0,344.0,1167.0,5091.0,598.0,228.4
279350.0,2.0,44.0,262.0,443.0,1209.0,5418.0,393.0,268.8
97657.0,3.0,10.0,22.0,222.0,729.0,1544.0,105.0,263.2
74271.0,5.0,17.0,51.0,230.0,593.0,1702.0,175.0,408.0
102814.0,6.0,18.0,129.0,566.0,860.0,3220.0,480.0,699.3
90757.0,2.0,6.0,31.0,84.0,266.0,1064.0,37.0,135.5
39293.0,4.0,23.0,41.0,202.0,457.0,1995.0,103.0,687.1
105782.0,5.0,15.0,85.0,139.0,1037.0,2056.0,95.0,230.7
133612.0,1.0,32.0,63.0,509.0,902.0,2305.0,196.0,452.8
85951.0,1.0,16.0,50.0,389.0,651.0,1686.0,194.0,530.5
261667.0,9.0,41.0,68.0,330.0,243.0,1870.0,110.0,171.2
316777.0,6.0,66.0,202.0,447.0,840.0,4391.0,306.0,227.6
51566.0,1.0,15.0,27.0,102.0,273.0,1562.0,28.0,281.2
33953.0,1.0,4.0,9.0,99.0,255.0,567.0,42.0,332.8
73230.0,0.0,23.0,29.0,319.0,647.0,1521.0,199.0,506.6
146556.0,3.0,23.0,102.0,344.0,1651.0,3284.0,303.0,322.1
215787.0,5.0,34.0,251.0,343.0,1280.0,6345.0,787.0,293.3
66102.0,3.0,18.0,57.0,235.0,990.0,2156.0,131.0,473.5
36662.0,1.0,5.0,23.0,57.0,229.0,728.0,19.0,234.6
16785.0,0.0,9.0,4.0,90.0,142.0,254.0,21.0,613.6
149090.0,3.0,27.0,147.0,273.0,834.0,2121.0,227.0,301.8
146422.0,8.0,27.0,129.0,309.0,1731.0,3235.0,353.0,323.0
20399.0,0.0,7.0,21.0,57.0,113.0,234.0,9.0,416.7
218590.0,4.0,31.0,167.0,419.0,921.0,3590.0,358.0,284.1
31747.0,1.0,6.0,8.0,103.0,216.0,506.0,42.0,371.7
561031.0,14.0,92.0,634.0,1523.0,2152.0,10620.0,702.0,403.4
24386.0,0.0,9.0,7.0,79.0,146.0,255.0,37.0,389.6
589400.0,16.0,132.0,665.0,716.0,5047.0,15391.0,1401.0,259.4
18884.0,0.0,8.0,4.0,83.0,208.0,246.0,20.0,503.1
721218.0,34.0,276.0,2427.0,4690.0,6972.0,26296.0,4751.0,1029.8
29306.0,1.0,3.0,4.0,42.0,187.0,449.0,20.0,170.6
72721.0,4.0,26.0,48.0,234.0,596.0,1921.0,49.0,429.0
29830.0,0.0,4.0,1.0,63.0,170.0,322.0,14.0,228.0
785567.0,36.0,151.0,1787.0,3407.0,4949.0,18607.0,3372.0,685.0
16864.0,0.0,4.0,4.0,58.0,127.0,322.0,22.0,391.4
692346.0,94.0,459.0,2574.0,3444.0,10065.0,22571.0,7921.0,949.1
66705.0,2.0,22.0,46.0,217.0,746.0,1809.0,106.0,430.3
150632.0,9.0,35.0,168.0,360.0,616.0,1774.0,230.0,379.7
188117.0,1.0,49.0,134.0,531.0,782.0,3012.0,252.0,380.1
1062595.0,20.0,421.0,582.0,840.0,1449.0,12029.0,784.0,175.3
86211.0,5.0,11.0,21.0,255.0,366.0,1449.0,68.0,338.7
781730.0,199.0,554.0,8103.0,5849.0,15969.0,33950.0,5909.0,1881.1
154882.0,5.0,53.0,77.0,542.0,1226.0,3120.0,403.0,437.1
23832.0,3.0,9.0,6.0,80.0,150.0,287.0,32.0,411.2
668499.0,61.0,410.0,3841.0,2185.0,14643.0,27127.0,4565.0,971.9
26236.0,1.0,2.0,17.0,66.0,163.0,387.0,19.0,327.8
205533.0,3.0,52.0,171.0,427.0,1182.0,3818.0,336.0,317.7
571436.0,21.0,92.0,651.0,367.0,5860.0,17060.0,2029.0,197.9
93504.0,4.0,12.0,66.0,203.0,702.0,1819.0,150.0,304.8
77983.0,3.0,27.0,52.0,316.0,664.0,1432.0,83.0,510.4
136805.0,2.0,37.0,78.0,349.0,1498.0,3576.0,242.0,340.6
25674.0,1.0,9.0,21.0,104.0,192.0,455.0,26.0,525.8
78049.0,2.0,42.0,196.0,588.0,1090.0,3156.0,231.0,1060.9
63271.0,2.0,11.0,19.0,187.0,345.0,989.0,52.0,346.1
118809.0,2.0,30.0,124.0,544.0,642.0,2781.0,272.0,589.2
30076.0,2.0,12.0,10.0,108.0,181.0,402.0,35.0,438.9
25822.0,1.0,10.0,13.0,83.0,107.0,277.0,17.0,414.4
134236.0,5.0,32.0,159.0,540.0,778.0,2903.0,524.0,548.3
849387.0,164.0,305.0,5172.0,3856.0,7445.0,28457.0,17242.0,1118.1
149781.0,8.0,44.0,136.0,399.0,590.0,2019.0,171.0,391.9
89373.0,2.0,7.0,22.0,336.0,433.0,1333.0,108.0,410.6
79721.0,1.0,7.0,18.0,84.0,502.0,1611.0,99.0,138.0
841216.0,141.0,267.0,3831.0,3276.0,7188.0,25384.0,11646.0,893.3
326167.0,8.0,57.0,167.0,285.0,428.0,3624.0,264.0,158.5
97068.0,8.0,8.0,40.0,196.0,846.0,2306.0,117.0,259.6
32571.0,6.0,11.0,29.0,93.0,228.0,778.0,61.0,426.8
165546.0,10.0,28.0,167.0,364.0,1691.0,5117.0,930.0,343.7
675500.0,54.0,297.0,2204.0,1915.0,11939.0,26629.0,3521.0,661.7
37473.0,0.0,10.0,25.0,52.0,148.0,524.0,14.0,232.2
29487.0,0.0,8.0,4.0,46.0,142.0,312.0,9.0,196.7
127509.0,5.0,28.0,66.0,398.0,635.0,2172.0,200.0,389.8
987166.0,16.0,123.0,975.0,683.0,3486.0,15830.0,1530.0,182.0
51718.0,2.0,14.0,28.0,173.0,356.0,1705.0,55.0,419.6
19915.0,0.0,1.0,6.0,39.0,125.0,210.0,5.0,231.0
797429.0,228.0,566.0,10737.0,6258.0,18604.0,37378.0,5331.0,2230.8
36701.0,1.0,9.0,14.0,67.0,236.0,611.0,43.0,247.9
999353.0,14.0,106.0,878.0,876.0,2685.0,13636.0,1073.0,187.5
204646.0,6.0,51.0,134.0,363.0,1317.0,3946.0,399.0,270.7
152067.0,3.0,24.0,147.0,414.0,704.0,2631.0,192.0,386.7
249745.0,5.0,47.0,123.0,517.0,428.0,2412.0,104.0,277.1
340345.0,10.0,77.0,330.0,619.0,4653.0,11535.0,1520.0,304.4
71977.0,0.0,20.0,35.0,207.0,536.0,1631.0,92.0,364.0
26693.0,0.0,9.0,10.0,61.0,189.0,609.0,34.0,299.7
912326.0,61.0,262.0,1163.0,1315.0,2364.0,13012.0,2910.0,307.0
19147.0,3.0,9.0,9.0,89.0,211.0,302.0,25.0,574.5
52215.0,3.0,12.0,14.0,125.0,386.0,702.0,68.0,294.9
613217.0,342.0,385.0,5926.0,5874.0,8056.0,17365.0,5184.0,2042.8
77216.0,0.0,26.0,22.0,187.0,487.0,1557.0,89.0,304.3
71616.0,4.0,14.0,58.0,168.0,469.0,1724.0,46.0,340.7
64974.0,13.0,15.0,64.0,156.0,1082.0,2356.0,156.0,381.7
20037.0,1.0,1.0,19.0,45.0,199.0,237.0,25.0,329.4
215568.0,1.0,39.0,177.0,656.0,657.0,2861.0,221.0,405.0
871606.0,95.0,183.0,2545.0,2346.0,6985.0,20013.0,5943.0,593.0
82603.0,3.0,29.0,54.0,270.0,643.0,1794.0,195.0,431.0
113393.0,5.0,19.0,29.0,262.0,556.0,1705.0,141.0,277.8
30647.0,5.0,9.0,18.0,113.0,311.0,807.0,42.0,473.1
116001.0,4.0,35.0,136.0,454.0,761.0,3486.0,377.0,542.2
250575.0,7.0,43.0,165.0,383.0,633.0,2408.0,108.0,238.7
16647.0,2.0,4.0,1.0,19.0,140.0,259.0,21.0,156.2
27320.0,1.0,8.0,1.0,117.0,192.0,304.0,53.0,464.9
445772.0,22.0,141.0,647.0,1394.0,4029.0,13273.0,1854.0,494.4
76375.0,2.0,20.0,16.0,153.0,514.0,1505.0,70.0,250.1
225374.0,7.0,35.0,134.0,631.0,637.0,2964.0,247.0,358.1
83937.0,2.0,21.0,54.0,306.0,727.0,1964.0,245.0,456.3
30223.0,1.0,0.0,8.0,73.0,279.0,388.0,29.0,271.3
825978.0,141.0,274.0,4056.0,4007.0,8561.0,28114.0,16991.0,1026.4
90358.0,3.0,1.0,19.0,256.0,312.0,1200.0,105.0,308.8
27027.0,0.0,3.0,13.0,88.0,205.0,417.0,32.0,384.8
54182.0,4.0,17.0,25.0,119.0,646.0,1233.0,71.0,304.5
71347.0,3.0,20.0,32.0,357.0,727.0,1458.0,216.0,577.5
927079.0,18.0,149.0,856.0,1037.0,3893.0,16083.0,2730.0,222.2
132818.0,2.0,27.0,50.0,178.0,681.0,2238.0,169.0,193.5
60692.0,4.0,19.0,42.0,145.0,1037.0,1982.0,127.0,346.0
32143.0,4.0,12.0,30.0,108.0,214.0,695.0,41.0,479.1
47016.0,1.0,15.0,13.0,132.0,210.0,685.0,56.0,342.4
32662.0,2.0,5.0,11.0,87.0,200.0,559.0,24.0,321.5
138016.0,5.0,17.0,88.0,426.0,699.0,2138.0,270.0,388.4
52730.0,1.0,14.0,13.0,142.0,297.0,750.0,47.0,322.4
726462.0,20.0,226.0,1878.0,4005.0,6993.0,23596.0,3367.0,843.7
1029182.0,18.0,125.0,661.0,934.0,2442.0,13542.0,753.0,168.9
142039.0,10.0,26.0,187.0,571.0,753.0,3171.0,387.0,559.0
675886.0,17.0,173.0,738.0,928.0,5338.0,18950.0,2640.0,274.6
167646.0,10.0,30.0,120.0,565.0,1419.0,3373.0,358.0,432.5
66574.0,4.0,16.0,44.0,187.0,800.0,1634.0,110.0,377.0
72609.0,2.0,37.0,129.0,446.0,1079.0,2498.0,174.0,845.6
62998.0,1.0,12.0,9.0,192.0,342.0,971.0,70.0,339.7
72312.0,1.0,25.0,38.0,259.0,606.0,1622.0,49.0,446.7
898019.0,56.0,206.0,1846.0,2020.0,4767.0,17498.0,4278.0,459.7
24810.0,1.0,4.0,1.0,24.0,189.0,234.0,23.0,120.9
48779.0,1.0,28.0,55.0,206.0,409.0,1788.0,80.0,594.5
581937.0,26.0,148.0,357.0,1286.0,1053.0,6937.0,626.0,312.2
86374.0,5.0,25.0,47.0,203.0,504.0,1575.0,79.0,324.2
160945.0,9.0,35.0,115.0,533.0,1283.0,3265.0,380.0,430.0
911524.0,78.0,278.0,1704.0,2079.0,3667.0,15149.0,3431.0,454.1
24223.0,1.0,13.0,16.0,80.0,222.0,311.0,34.0,454.1
76500.0,4.0,19.0,16.0,124.0,448.0,1439.0,81.0,213.1
167966.0,2.0,19.0,42.0,304.0,536.0,1641.0,49.0,218.5
103425.0,3.0,41.0,114.0,340.0,1072.0,3087.0,462.0,481.5
107983.0,3.0,22.0,129.0,451.0,831.0,3006.0,435.0,560.3
777463.0,31.0,210.0,1611.0,4356.0,5425.0,19401.0,3341.0,798.5
19610.0,3.0,10.0,4.0,79.0,311.0,287.0,29.0,489.5
74394.0,1.0,16.0,18.0,372.0,387.0,1487.0,71.0,547.1
16200.0,0.0,1.0,4.0,17.0,120.0,221.0,26.0,135.8
20016.0,1.0,4.0,2.0,46.0,178.0,296.0,33.0,264.8
152381.0,2.0,47.0,73.0,425.0,1314.0,2627.0,294.0,359.0
37973.0,2.0,13.0,31.0,193.0,459.0,2029.0,121.0,629.4
19642.0,1.0,4.0,8.0,16.0,63.0,117.0,6.0,147.6
38392.0,0.0,13.0,18.0,58.0,242.0,610.0,18.0,231.8
34308.0,3.0,11.0,9.0,129.0,382.0,660.0,37.0,443.0
113834.0,5.0,12.0,64.0,195.0,666.0,1738.0,119.0,242.5
605398.0,14.0,146.0,636.0,845.0,5112.0,15899.0,1601.0,271.1
25939.0,2.0,5.0,9.0,25.0,198.0,338.0,21.0,158.1
43096.0,2.0,13.0,44.0,217.0,420.0,1844.0,120.0,640.4
141882.0,5.0,33.0,117.0,587.0,789.0,2745.0,248.0,523.0
25793.0,2.0,7.0,18.0,109.0,217.0,459.0,39.0,527.3
693240.0,52.0,429.0,2441.0,3329.0,10028.0,21782.0,7324.0,901.7
29215.0,0.0,12.0,15.0,142.0,252.0,565.0,39.0,578.5
74833.0,2.0,15.0,13.0,299.0,450.0,1681.0,81.0,439.6
31742.0,3.0,7.0,35.0,162.0,131.0,579.0,65.0,652.1
79066.0,2.0,14.0,18.0,131.0,517.0,1182.0,88.0,208.7
36717.0,2.0,7.0,18.0,54.0,175.0,680.0,22.0,220.6
103829.0,7.0,24.0,119.0,490.0,724.0,3304.0,408.0,616.4
39408.0,2.0,11.0,12.0,82.0,255.0,660.0,81.0,271.5
78048.0,2.0,13.0,37.0,321.0,587.0,1444.0,140.0,477.9
826094.0,122.0,250.0,3765.0,3263.0,8209.0,25916.0,9743.0,895.8
622671.0,233.0,298.0,3755.0,4471.0,7440.0,19329.0,4462.0,1406.4
25635.0,1.0,9.0,15.0,80.0,99.0,218.0,10.0,409.6
566105.0,25.0,154.0,558.0,1575.0,1979.0,10025.0,622.0,408.4
61713.0,1.0,13.0,23.0,236.0,535.0,1277.0,146.0,442.4
115420.0,4.0,15.0,76.0,345.0,1285.0,2790.0,181.0,381.2
634279.0,276.0,182.0,4085.0,7199.0,8022.0,21819.0,6731.0,1851.2
92169.0,5.0,42.0,230.0,533.0,1070.0,2746.0,191.0,878.8
52011.0,1.0,16.0,31.0,138.0,432.0,1751.0,33.0,357.6
25722.0,0.0,6.0,21.0,95.0,202.0,506.0,29.0,474.3
