population,murder,rape,robbery,Aggravated Assault,Breaking & Entering,larceny_theft,Motor Vehicle Theft,crime_level
90118,2,8,22,83,400,1255,45,0
23148,2,10,7,81,159,344,24,1
30820,0,15,32,154,305,873,74,1
117027,1,30,102,395,1167,3565,399,1
164663,0,47,48,320,456,1878,151,0
161295,4,48,103,758,900,2918,261,1
16680,0,2,6,43,166,370,22,0
99669,4,25,106,448,893,2381,111,1
28406,2,7,9,65,180,439,38,0
84644,4,35,132,601,877,2613,193,1
239914,9,36,202,579,990,3332,437,0
489656,11,117,646,2610,3147,13402,1398,1
827494,171,499,7574,6075,15463,32315,6213,1
71806,1,17,34,188,517,1657,49,0
930123,19,145,1261,879,3932,17466,2640,0
31136,0,12,10,124,204,558,77,1
62626,4,22,8,203,338,932,52,1
913206,88,277,1534,1620,2951,14389,3371,1
582458,12,122,595,598,5932,17044,1731,0
848440,130,287,4094,3970,6903,26171,12944,1
512277,23,110,943,2091,3420,12217,1654,1
555330,15,71,630,1603,2522,11272,677,1
30303,4,16,30,147,874,1927,127,1
542753,15,91,597,1972,2259,11394,832,1
50510,0,8,8,78,57,267,19,0
29582,1,5,0,51,139,363,35,0
20351,1,1,14,70,130,195,13,1
25784,1,6,23,52,265,598,20,0
30737,0,8,23,167,329,834,47,1
30621,1,10,36,159,384,774,47,1
30317,1,0,2,52,100,320,16,0
91175,4,16,54,381,731,1777,200,1
35284,3,10,27,83,169,683,26,0
80461,2,12,26,79,541,1706,108,0
172300,2,29,47,315,567,2055,102,0
29299,0,3,2,48,141,288,10,0
764893,226,595,7485,6030,13558,31270,7495,1
784554,216,566,10046,5805,17774,38116,5661,1
120387,5,34,103,314,1677,3933,415,1
25626,0,17,10,56,115,239,11,0
167529,4,30,33,275,542,1735,65,0
26962,0,5,2,44,213,345,35,0
26715,0,15,36,252,750,1422,79,1
434253,12,126,643,1067,4259,13702,2084,1
96080,1,18,28,204,856,1670,101,0
932846,20,133,1189,865,3708,18181,2634,0
33379,2,2,24,84,382,693,34,0
148188,7,23,100,215,1067,2650,230,0
23762,0,0,3,75,181,383,14,0
30236,5,20,25,191,284,650,57,1
662646,34,166,1242,5155,9981,24298,2941,1
77414,3,51,138,551,1088,2842,241,1
16954,1,2,6,44,140,368,20,0
238083,6,29,240,215,1317,5261,704,0
660826,256,299,5762,8520,10960,30457,8199,1
19954,0,2,15,59,125,249,17,1
27207,1,0,3,37,200,362,36,0
28923,0,12,10,129,187,424,42,1
37476,3,18,26,256,622,2153,114,1
102737,0,27,15,202,523,1416,138,0
29897,0,6,1,61,142,298,15,0
80835,2,15,6,67,361,1338,68,0
31832,1,5,29,123,205,604,25,1
44402,0,10,10,189,263,600,52,1
1041345,29,275,641,1087,1946,13820,768,0
64900,1,11,31,118,613,1330,160,0
527278,18,113,661,2137,2860,11732,1236,1
110733,11,42,116,477,838,3140,420,1
29885,0,13,3,55,160,367,26,0
248869,3,54,156,484,1019,2806,206,0
47963,2,18,78,379,310,1819,93,1
133882,3,28,89,399,714,2156,268,1
23833,1,7,10,60,145,260,22,0
164609,16,47,96,381,257,1669,203,0
76838,0,23,17,331,292,853,82,1
26060,1,3,28,92,222,500,27,1
630126,12,127,728,892,5430,17007,1986,0
214271,9,24,147,358,936,3668,403,0
91132,1,15,19,76,148,726,48,0
66040,7,18,54,186,1067,2195,131,1
216723,1,33,222,298,1497,6479,753,0
198177,1,49,134,787,698,3691,255,1
34844,1,8,13,65,153,642,15,0
828871,25,100,1512,2405,3493,17584,1499,1
31109,6,28,18,134,672,1604,124,1
29619,0,6,2,56,161,359,26,0
605436,309,367,5130,5415,6074,17102,4389,1
247147,5,39,148,451,779,2965,207,0
32376,1,9,54,124,242,720,38,1
40563,2,8,15,88,269,587,55,0
51408,2,26,43,106,220,1514,39,0
81858,1,18,18,80,447,1570,55,0
30952,1,20,27,169,247,930,66,1
710514,43,303,2307,5090,8322,25586,5619,1
777056,21,189,993,1296,4971,22821,3134,0
102940,6,39,152,476,967,2263,195,1
16640,0,1,6,42,226,314,21,0
91047,0,1,30,100,347,1144,43,0
61157,1,12,25,212,603,1386,134,1
249859,9,42,121,380,569,2813,90,0
30382,2,5,3,60,190,339,22,0
26174,3,1,13,50,211,556,36,0
140650,2,43,115,388,1575,3427,241,1
20232,0,0,22,42,100,227,10,0
682233,47,366,2567,2944,10156,20854,5920,1
23824,1,12,8,108,262,426,35,1
129186,3,26,117,356,660,1947,256,1
583513,13,167,955,733,7135,19958,2000,0
30829,3,19,32,111,778,1751,107,1
702535,19,184,812,973,5529,19887,3218,0
144340,3,26,109,336,1989,3374,282,0
27524,0,7,14,80,273,648,41,0
101431,3,38,142,321,837,2420,111,1
31130,2,8,22,173,224,736,58,1
101594,2,31,101,319,673,2662,96,1
23785,0,11,19,107,267,533,33,1
35500,1,6,11,98,270,629,59,0
754292,33,240,1587,4340,5586,21270,3418,1
91927,0,18,19,96,122,678,40,0
22394,1,5,11,46,205,327,30,0
25452,1,6,14,47,91,224,4,0
81659,3,9,16,292,336,982,83,1
111234,2,20,51,224,545,1673,69,0
511145,18,109,810,1994,3419,14302,1581,1
679708,24,183,1092,5592,8617,21289,3064,1
153138,0,33,52,268,620,2020,149,0
783389,95,265,2474,3827,7985,25755,8619,1
135495,1,23,107,360,683,2091,273,0
685948,38,308,2205,1962,11448,27030,4172,1
899994,32,145,977,950,3996,19733,3958,0
69699,1,19,42,169,313,926,59,0
111000,2,12,87,221,1025,2088,122,0
618385,318,299,5288,5210,7399,17278,5336,1
18931,0,1,4,53,108,230,8,0
681610,42,397,2400,2576,9784,19705,4574,1
97877,3,42,80,272,1037,3282,385,1
173047,4,36,40,269,523,2085,104,0
156234,3,23,120,435,539,2200,207,0
37667,1,21,28,212,443,1921,98,1
109397,2,17,82,291,918,2027,127,0
19936,1,7,19,86,158,234,25,1
31790,1,16,15,122,285,734,54,1
115933,1,18,111,220,850,1868,177,0
109767,7,22,70,348,889,2075,141,1
79655,3,5,20,114,669,1425,93,0
31361,2,7,19,126,265,739,29,1
102068,5,26,86,319,806,1958,111,1
96281,9,27,103,472,710,2488,447,1
167468,0,33,48,150,414,1578,52,0
25496,4,6,10,65,250,601,39,0
150208,5,35,124,732,894,3160,248,1
24057,1,11,13,155,259,465,44,1
36673,1,13,11,52,73,382,9,0
29749,0,8,1,23,181,363,25,0
289807,6,33,215,354,1110,5094,374,0
30800,3,18,34,136,928,1821,126,1
643363,26,169,751,3229,8868,22326,2892,1
792855,32,154,1471,2898,4316,19536,2443,1
32927,1,10,21,110,271,825,48,1
634549,234,137,4058,5703,7880,17635,5518,1
29696,1,2,2,44,158,299,26,0
151550,2,22,77,312,1155,2605,236,0
18134,0,5,5,49,135,270,14,0
95757,10,32,183,505,1124,2604,139,1
577904,20,159,438,1220,1143,8742,659,0
34294,5,22,34,191,818,2344,108,1
829560,28,352,1337,3135,2612,16882,1847,1
102033,3,25,70,275,526,1927,153,0
146708,6,32,138,307,1837,3326,241,0
33170,1,6,14,24,111,369,18,0
19353,4,3,2,44,266,347,31,0
29092,2,11,10,138,207,606,48,1
473811,7,117,631,1813,3525,13432,1529,1
123372,1,32,23,147,645,1941,137,0
623513,211,245,3740,4236,6966,18419,4504,1
150771,2,33,56,190,676,2251,165,0
173062,11,38,105,416,1422,3225,317,0
56486,2,9,28,261,645,1283,175,1
23980,1,13,16,78,260,552,29,1
662025,32,192,1401,4580,11964,25811,3203,1
243718,4,41,113,448,625,3025,83,0
95644,1,24,45,290,415,1401,142,1
51942,1,7,28,212,423,1852,41,1
232717,3,34,205,486,692,3100,178,0
72516,2,9,27,356,757,1651,191,1
36544,1,3,8,49,215,643,57,0
765496,31,237,1728,4576,6246,21529,3297,1
74893,1,22,31,208,555,1631,93,0
27164,2,4,2,30,197,236,24,0
36985,2,7,6,172,247,500,30,1
575310,15,120,520,462,5766,16184,1739,0
788266,35,143,2090,3445,4812,18357,3463,1
95370,6,40,114,267,1343,3161,440,1
797794,20,126,1341,2862,4119,18129,1880,1
26926,1,6,5,89,216,293,38,0
24470,0,14,11,115,210,443,36,1
250706,6,64,165,376,674,2875,106,0
221305,9,35,181,527,872,2882,224,0
504601,17,94,754,2742,3191,13501,1484,1
114031,7,24,38,146,249,1194,86,0
22534,3,3,6,103,176,349,43,1
87133,2,15,26,188,343,1188,86,0
27972,1,10,5,117,198,458,40,1
621252,344,287,4378,4671,7803,18100,5541,1
192284,6,43,135,404,1673,5545,935,0
25520,0,6,16,54,277,432,43,0
26491,2,6,6,34,260,416,22,0
70577,2,20,42,189,404,1182,57,0
748099,304,702,10793,7295,16394,40406,10618,1
813307,13,160,1038,1075,4670,24449,3329,0
49804,0,8,42,221,439,1789,71,1
55035,3,11,23,78,548,969,82,0
184690,1,48,96,528,829,3013,213,0
116584,5,14,73,579,761,2597,141,1
71845,0,19,20,244,394,1624,78,1
26259,1,3,21,71,234,626,40,0
105411,4,12,40,267,486,1655,103,0
80901,3,23,51,260,541,1452,70,1
101533,2,11,44,247,519,1567,135,0
102522,2,20,63,221,331,1610,143,0
28420,2,17,11,88,190,405,28,1
101154,8,28,89,509,843,2707,457,1
32453,1,12,39,135,219,909,51,1
33693,1,13,21,91,342,633,42,0
910354,75,201,1211,1341,1696,12325,2714,0
49023,2,11,8,99,213,741,28,0
31147,0,9,43,122,229,840,77,1
124225,6,41,186,642,698,2906,464,1
822814,20,125,1511,2544,3949,18301,1463,1
75274,1,15,21,343,384,1591,102,1
251859,10,53,133,342,477,2290,84,0
943025,21,136,1192,882,3760,19678,2384,0
427239,16,131,462,1017,4329,12448,2197,1
32795,0,6,11,39,149,428,34,0
79936,4,42,158,436,868,2493,218,1
86000,1,9,21,115,535,1055,86,0
769456,26,220,1045,1281,5263,23538,3378,0
55740,3,11,34,119,572,1295,131,0
669127,76,375,2998,2257,12622,24061,4587,1
114891,6,18,59,214,788,1788,167,0
48890,0,6,17,73,187,490,21,0
29166,0,6,2,52,84,277,14,0
680363,52,288,2445,2024,11342,27861,4722,1
764160,127,413,3984,3815,10352,28544,9477,1
32174,0,4,33,149,274,877,70,1
120546,4,27,130,532,635,2801,365,1
19624,4,5,5,45,202,251,11,0
150339,6,24,153,296,809,2195,231,0
73599,4,17,46,232,685,1975,170,1
162578,5,64,127,393,304,2067,162,0
508071,24,93,753,2633,3107,13234,1441,1
79034,4,47,192,505,1156,3103,222,1
245356,7,34,107,448,591,2800,110,0
19856,0,3,8,47,140,211,29,0
719587,313,480,8665,8072,12841,39581,8856,1
30124,1,3,21,159,272,640,37,1
573631,25,168,473,1382,1359,8445,688,0
103219,1,36,77,312,392,1925,89,1
241868,5,18,141,450,742,3234,150,0
1054933,26,319,737,805,1658,13449,828,0
671342,37,349,2295,2022,12325,26254,4044,1
78947,1,11,12,97,432,1393,60,0
130240,4,38,152,579,709,3036,585,1
19220,0,7,3,29,135,274,28,0
33812,3,6,14,66,223,704,36,0
70140,0,24,44,160,349,1111,61,0
784118,29,198,1565,4388,4942,19019,2936,1
29991,1,6,8,163,280,738,27,1
216208,6,34,146,377,936,3582,359,0
93582,3,12,32,261,488,1314,107,0
30380,4,10,36,154,349,744,46,1
29839,0,2,5,121,174,375,23,1
79503,3,36,156,538,1036,3341,248,1
46543,0,18,52,281,400,1871,96,1
23440,4,4,10,86,214,294,30,1
663207,51,393,2613,2314,12417,26833,4466,1
30681,3,13,22,152,200,547,48,1
70868,2,14,31,259,677,1185,170,1
74946,0,17,15,206,464,1620,66,0
769740,142,344,4078,4499,9319,30052,11644,1
54901,4,14,22,157,706,1116,138,0
110294,3,6,62,172,641,1741,119,0
96782,5,15,61,239,557,1662,177,0
90031,4,14,27,62,381,1190,64,0
831374,35,319,1498,2564,3695,17763,2070,1
798175,227,553,9357,6592,16501,36520,4462,1
28138,1,4,4,95,153,328,40,0
75155,1,15,8,340,441,1739,69,1
102047,2,23,155,566,977,2439,248,1
35792,0,10,4,92,246,544,39,0
70413,3,39,108,416,1080,2321,140,1
160989,2,48,113,357,1725,5121,799,0
36680,4,13,16,139,722,2186,88,1
75723,5,13,33,330,629,1435,167,1
31034,0,15,26,176,333,815,54,1
24671,2,7,9,113,230,435,33,1
128265,4,22,107,280,667,1960,258,0
58201,2,11,16,179,300,841,48,0
776836,107,305,3146,4310,8913,27506,9836,1
860974,200,460,7764,5788,15443,32711,5903,1
85901,3,41,166,806,932,2753,231,1
464193,12,90,580,1416,3817,14055,1760,1
711951,122,302,3517,3468,9981,21493,10391,1
98637,1,18,22,199,527,1347,68,0
26795,3,17,15,155,667,1423,90,1
30640,2,19,41,198,255,743,68,1
692134,34,262,1709,5000,7996,22892,5098,1
511140,16,110,767,2403,2986,12391,1631,1
50455,3,10,20,90,565,877,85,0
229831,5,46,248,657,1082,3857,330,1
31500,5,5,49,101,265,871,56,1
31548,1,5,10,97,294,520,42,0
32294,0,6,5,51,153,487,27,0
23528,3,5,15,90,225,410,31,1
201237,5,50,148,691,802,3344,263,1
31953,2,21,19,141,645,1737,110,1
146846,6,22,100,320,1332,3173,226,0
651154,261,366,6634,8774,10751,32134,7871,1
62450,5,15,10,210,377,1104,39,1
112764,2,9,78,223,1123,2321,154,0
26937,0,5,2,30,212,427,31,0
286963,5,26,222,313,1393,5023,389,0
18312,0,1,3,60,143,306,20,0
38253,1,9,15,48,194,459,11,0
846910,13,136,713,830,3873,19017,2667,0
638755,238,158,3726,5579,7856,17101,4632,1
650588,305,374,7462,10536,12386,37524,7255,1
140302,6,25,117,558,964,2618,198,1
18000,2,3,13,88,265,350,20,1
399108,20,133,369,979,5382,11299,1533,0
118443,5,34,80,460,1826,4196,385,1
41801,0,7,14,160,193,615,36,1
17171,0,7,4,31,105,295,18,0
767869,83,347,3263,3579,9203,27344,9287,1
763880,237,519,7418,6592,14359,33531,8468,1
295972,5,33,178,364,1185,4921,313,0
59758,7,16,32,116,610,1393,100,0
32665,0,8,15,71,244,653,22,0
17127,1,10,3,44,168,292,18,0
331390,16,74,413,1514,5662,12736,1986,1
88574,1,15,43,357,614,1827,195,1
40299,1,13,4,212,328,549,66,1
771097,213,594,7794,6949,13988,31810,6027,1
131923,6,21,68,344,670,2184,307,0
34314,0,8,19,44,155,691,28,0
111930,2,28,31,166,413,1591,71,0
60837,7,9,10,121,540,1085,54,0
33080,2,10,28,83,328,703,57,0
27845,4,16,38,178,790,1520,113,1
30885,3,10,15,109,261,799,92,1
43233,0,6,15,145,185,644,37,1
53509,4,11,14,71,613,1124,65,0
160504,2,42,39,321,526,1907,143,0
76343,2,18,30,306,499,1242,160,1
148210,0,25,115,306,692,2145,191,0
168903,3,19,47,237,689,1948,84,0
690668,31,200,1394,5289,9612,23011,3691,1
624237,282,146,3926,5875,7431,17077,5821,1
31048,1,6,29,104,237,735,39,1
113100,0,15,85,166,765,1728,155,0
18820,0,6,2,77,126,321,31,1
361749,13,84,301,728,4430,10633,1264,0
98064,4,7,102,377,884,1848,310,1
26703,1,8,26,164,753,1423,84,1
639872,23,196,1085,3945,10138,24572,3306,1
125217,3,23,83,509,915,2240,179,1
16877,0,2,4,39,109,375,17,0
139202,4,24,202,499,714,3117,435,1
748546,134,452,3786,3917,9882,26914,10210,1
167742,1,37,29,181,213,1311,72,0
75891,2,13,18,302,386,1638,75,1
19664,0,6,22,50,131,170,3,1
37221,0,18,16,49,150,544,14,0
32243,1,13,17,159,218,810,52,1
144219,7,38,137,324,679,2338,240,0
154633,2,23,148,373,507,2387,157,0
29991,2,7,3,51,156,346,22,0
36063,0,7,29,76,174,755,37,0
36983,0,14,9,86,71,290,7,0
73834,4,28,63,154,547,1787,54,0
817761,23,147,1368,2643,4079,17978,1572,1
27035,1,13,6,39,150,325,40,0
126701,5,27,70,265,755,1948,180,0
36329,0,15,8,57,160,562,60,0
87492,4,12,12,294,374,1110,68,0
102475,5,25,148,321,542,2366,96,1
703563,24,278,2151,5221,8308,24893,5913,1
313717,2,69,226,426,787,4321,208,0
18550,0,5,9,71,155,278,23,1
107514,0,25,35,272,640,1510,126,0
255406,7,38,218,210,1294,5469,619,0
19592,0,3,14,24,89,158,6,0
59799,3,14,23,149,542,1229,69,0
186946,6,45,116,436,1435,3666,349,0
75974,1,22,45,381,735,1321,121,1
76925,1,12,16,333,483,1749,97,1
639927,223,266,3361,5502,7646,16626,4421,1
53726,2,18,27,185,836,1180,145,1
29772,0,12,10,195,205,512,44,1
25963,2,6,12,76,211,424,29,0
49082,0,23,63,346,360,1798,93,1
34871,4,12,6,119,372,712,42,1
662253,315,470,7718,7605,13279,36853,7375,1
39694,2,29,45,267,366,1965,93,1
57261,4,11,43,95,543,1218,109,0
121601,1,21,110,269,1262,3749,332,0
834727,35,326,1536,3166,3128,18178,2029,1
150897,1,36,58,338,655,2275,142,0
99909,1,15,45,266,616,1605,128,0
24747,0,18,16,90,193,402,35,1
26226,2,8,14,47,126,371,17,0
48932,2,5,22,87,247,576,22,0
32500,1,10,9,94,212,479,29,0
27553,1,11,2,85,226,260,31,0
67202,4,12,35,233,704,2093,173,1
71622,5,16,65,159,388,1642,44,0
152673,2,39,86,667,868,3062,215,1
717879,31,288,2180,4761,7353,24678,6289,1
77221,6,31,50,332,958,1447,86,1
787558,31,152,1730,3018,4448,19661,2940,1
76175,1,20,15,282,511,1580,60,1
26502,1,1,5,35,210,389,34,0
347538,16,118,396,656,5091,10783,1436,0
34904,2,6,5,129,306,584,42,1
145781,3,15,116,308,701,2234,246,0
27369,0,3,2,49,192,348,24,0
51304,0,12,24,88,215,1178,34,0
48773,0,7,21,81,196,540,18,0
172506,4,40,141,555,812,3222,267,1
97748,1,16,24,217,548,1561,92,0
25916,2,4,18,103,270,577,37,1
23836,0,7,9,54,221,364,24,0
90403,1,14,15,110,238,905,41,0
76043,1,22,29,268,426,1805,119,1
27637,5,8,16,113,215,635,33,1
30134,2,9,21,157,203,612,37,1
35600,2,18,33,254,624,2047,121,1
102783,3,15,69,235,479,1549,143,0
92622,1,15,13,111,99,574,53,0
75413,3,22,42,201,571,1904,67,0
19197,0,3,14,41,141,196,13,0
702944,101,420,2856,3532,10190,22538,10035,1
50047,0,21,42,338,321,1725,92,1
73530,2,19,47,242,675,2231,144,1
122120,6,20,76,443,898,2344,173,1
49347,2,25,59,337,427,1581,101,1
19116,0,5,5,17,37,108,2,0
150927,8,49,84,336,362,1277,133,0
19970,1,5,10,100,283,269,28,1
25481,2,17,16,80,145,332,15,1
39686,2,11,10,161,355,586,46,1
89458,4,34,211,674,1080,2846,205,1
73125,9,42,109,550,896,2171,166,1
252641,3,57,103,370,364,2519,107,0
48884,2,20,42,284,424,1794,106,1
128265,1,23,88,318,698,2251,222,0
225262,5,45,237,554,1150,4477,438,0
724348,23,256,2482,4572,7266,25894,4185,1
20388,0,3,9,53,165,209,16,0
87121,1,32,172,518,958,2407,144,1
727051,30,190,1708,4171,6194,20975,2953,1
757027,25,204,863,1106,4973,20295,3023,0
60281,10,12,39,102,777,1828,129,0
700068,33,225,1810,5240,8468,21519,4480,1
48088,0,12,9,96,206,681,30,0
26593,3,9,9,54,147,338,9,0
90882,1,14,38,268,457,1289,127,0
739180,321,639,11303,8748,16026,43636,13603,1
91587,2,12,14,79,151,743,57,0
48839,0,7,14,95,131,456,17,0
783542,240,660,8008,6369,14388,30796,6884,1
31079,3,4,22,135,366,914,46,1
30549,6,6,15,142,347,842,53,1
81735,3,32,54,250,619,1838,104,1
243988,4,60,228,592,809,3482,251,0
27063,3,7,15,96,256,509,36,1
19795,0,7,10,61,77,196,21,1
671028,253,179,4764,8667,8814,27301,6572,1
376525,19,83,420,844,4614,11667,1128,0
692703,24,194,1661,4714,8703,24059,4606,1
145349,2,35,171,505,707,2715,290,1
51606,0,12,24,94,186,1086,30,0
69972,0,16,12,220,340,973,69,0
17266,2,3,6,36,108,237,22,0
149938,6,18,121,243,785,2153,166,0
106148,1,23,61,186,712,1841,133,0
82605,5,9,19,89,347,1412,67,0
38020,0,7,16,78,161,617,21,0
75799,6,30,62,153,608,1866,43,0
32578,0,6,36,108,188,763,19,1
16970,0,2,2,42,137,400,16,0
29765,0,14,14,174,291,608,56,1
155503,5,31,50,305,527,1948,135,0
80410,3,35,49,271,581,1424,70,1
199021,6,34,123,418,1207,3678,403,0
247842,7,37,166,293,1271,5574,486,0
23895,5,13,12,55,228,441,15,0
52191,1,31,39,163,189,1085,28,1
24139,3,16,16,90,235,450,31,1
32693,0,13,23,87,263,618,66,1
153629,6,40,104,280,1590,5147,823,0
138238,1,30,63,268,654,2251,170,0
28900,3,5,41,252,314,734,20,1
681068,32,207,1419,3995,8490,23534,3863,1
31533,1,9,26,146,252,678,30,1
914736,81,130,1252,1486,2715,13740,3154,0
322066,5,70,202,498,810,4342,357,0
87228,5,42,187,558,956,2454,198,1
28898,0,18,0,61,65,283,5,0
32432,4,8,35,85,200,829,58,1
211070,5,42,118,675,765,2969,240,1
48821,1,2,8,82,169,623,29,0
808499,21,222,1088,1190,4817,24307,3388,0
671586,28,176,1087,4900,8727,20884,2775,1
668705,34,150,1272,4627,8923,20994,2774,1
26409,1,7,25,68,268,420,12,1
81418,5,28,48,382,763,1657,126,1
64123,1,10,24,312,452,1029,51,1
79956,4,40,116,368,1041,2442,253,1
17842,1,7,3,42,126,328,31,0
826893,96,221,3324,2980,8219,22660,7266,1
87228,0,20,45,384,571,1771,186,1
103748,4,17,70,237,909,2073,138,0
55194,1,13,24,141,637,1046,144,0
27500,3,8,5,52,279,418,23,0
637556,276,139,4260,6196,7664,18846,6276,1
60743,4,15,34,136,939,1759,139,0
137032,5,43,127,345,1502,4752,453,1
651337,26,190,1223,4456,11793,25663,3287,1
729268,112,493,4033,3879,9989,24037,10199,1
42454,1,20,64,256,413,1989,112,1
47621,1,8,7,149,279,612,59,0
139251,3,36,117,340,1736,5178,676,0
19547,1,7,17,42,159,246,20,0
89083,2,13,35,136,515,1180,87,0
126632,1,33,61,121,744,2406,182,0
128820,6,31,119,366,709,2048,319,1
142320,4,33,198,611,756,3049,438,1
641097,269,162,3935,6943,7388,20132,6232,1
826987,33,348,878,2566,3258,11608,1354,1
57726,4,14,17,178,286,774,52,0
29715,5,7,30,157,271,645,53,1
19372,4,2,6,47,189,307,25,0
27475,3,7,12,54,184,411,37,0
29929,4,3,27,215,301,757,25,1
25914,0,5,19,97,269,679,44,1
110842,0,22,58,183,513,1625,73,0
100148,5,30,148,371,764,2490,108,1
112779,1,36,57,155,446,1391,76,0
376172,23,85,488,820,5105,12638,1276,1
625474,216,317,3635,4657,7796,17849,3987,1
309341,5,40,201,368,869,4629,231,0
143833,7,35,185,474,598,2862,272,1
28437,3,14,36,155,235,694,65,1
24948,2,4,23,48,246,528,28,0
1055918,18,370,460,912,1300,12397,1137,0
25115,0,10,12,102,123,387,29,1
101897,7,43,126,300,636,2587,96,1
91279,1,19,33,141,517,1401,114,0
323435,1,73,130,441,442,3855,255,0
83923,2,2,24,59,581,1384,73,0
88299,2,31,42,201,426,1331,75,0
35949,4,17,29,270,543,1828,90,1
517763,16,95,746,2063,3067,12763,1134,1
251523,5,34,199,277,1584,5757,588,0
140687,4,18,111,388,702,2306,261,0
103916,0,20,45,243,435,1506,115,0
107103,5,22,100,436,697,3015,405,1
49355,4,8,53,169,423,1905,80,1
39957,0,6,8,64,306,776,61,0
25664,0,1,5,26,164,274,44,0
33303,3,11,21,80,337,571,40,0
114614,4,17,52,225,1049,2396,133,0
31610,4,11,28,169,220,810,79,1
235598,3,31,127,432,699,3107,174,0
19717,1,6,5,51,311,285,18,0
712209,325,684,11397,9172,16705,46750,11210,1
570275,28,96,638,360,5584,15999,1655,0
22600,3,6,7,32,164,250,19,0
127271,2,29,64,570,817,2227,199,1
129114,7,30,106,236,1448,4345,437,0
19783,0,8,16,66,117,281,20,1
72343,7,17,39,245,730,2062,198,1
50313,0,10,5,57,70,334,28,0
18702,1,6,7,61,116,248,17,1
149634,3,21,104,259,809,2038,214,0
22593,1,3,8,58,163,232,16,0
48251,3,5,21,120,207,700,43,0
30549,0,9,22,154,211,631,49,1
19926,0,2,11,67,141,201,12,1
166742,2,21,55,178,352,1584,65,0
16225,0,1,11,36,136,302,26,0
159441,8,39,126,367,408,2090,182,0
90650,8,45,266,612,1130,3026,258,1
795132,34,199,937,1145,4625,23696,3370,0
102067,4,28,161,386,898,2368,175,1
30582,0,9,10,126,209,605,77,1
675231,58,341,2742,2305,10323,21022,4321,1
266623,1,40,224,344,1167,5091,598,0
279350,2,44,262,443,1209,5418,393,0
97657,3,10,22,222,729,1544,105,0
74271,5,17,51,230,593,1702,175,1
102814,6,18,129,566,860,3220,480,1
90757,2,6,31,84,266,1064,37,0
39293,4,23,41,202,457,1995,103,1
105782,5,15,85,139,1037,2056,95,0
133612,1,32,63,509,902,2305,196,1
85951,1,16,50,389,651,1686,194,1
261667,9,41,68,330,243,1870,110,0
316777,6,66,202,447,840,4391,306,0
51566,1,15,27,102,273,1562,28,0
33953,1,4,9,99,255,567,42,0
73230,0,23,29,319,647,1521,199,1
146556,3,23,102,344,1651,3284,303,0
215787,5,34,251,343,1280,6345,787,0
66102,3,18,57,235,990,2156,131,1
36662,1,5,23,57,229,728,19,0
16785,0,9,4,90,142,254,21,1
149090,3,27,147,273,834,2121,227,0
146422,8,27,129,309,1731,3235,353,0
20399,0,7,21,57,113,234,9,1
218590,4,31,167,419,921,3590,358,0
31747,1,6,8,103,216,506,42,0
561031,14,92,634,1523,2152,10620,702,1
24386,0,9,7,79,146,255,37,1
589400,16,132,665,716,5047,15391,1401,0
18884,0,8,4,83,208,246,20,1
721218,34,276,2427,4690,6972,26296,4751,1
29306,1,3,4,42,187,449,20,0
72721,4,26,48,234,596,1921,49,1
29830,0,4,1,63,170,322,14,0
785567,36,151,1787,3407,4949,18607,3372,1
16864,0,4,4,58,127,322,22,1
692346,94,459,2574,3444,10065,22571,7921,1
66705,2,22,46,217,746,1809,106,1
150632,9,35,168,360,616,1774,230,1
188117,1,49,134,531,782,3012,252,1
1062595,20,421,582,840,1449,12029,784,0
86211,5,11,21,255,366,1449,68,0
781730,199,554,8103,5849,15969,33950,5909,1
154882,5,53,77,542,1226,3120,403,1
23832,3,9,6,80,150,287,32,1
668499,61,410,3841,2185,14643,27127,4565,1
26236,1,2,17,66,163,387,19,0
205533,3,52,171,427,1182,3818,336,0
571436,21,92,651,367,5860,17060,2029,0
93504,4,12,66,203,702,1819,150,0
77983,3,27,52,316,664,1432,83,1
136805,2,37,78,349,1498,3576,242,0
25674,1,9,21,104,192,455,26,1
78049,2,42,196,588,1090,3156,231,1
63271,2,11,19,187,345,989,52,0
118809,2,30,124,544,642,2781,272,1
30076,2,12,10,108,181,402,35,1
25822,1,10,13,83,107,277,17,1
134236,5,32,159,540,778,2903,524,1
849387,164,305,5172,3856,7445,28457,17242,1
149781,8,44,136,399,590,2019,171,1
89373,2,7,22,336,433,1333,108,1
79721,1,7,18,84,502,1611,99,0
841216,141,267,3831,3276,7188,25384,11646,1
326167,8,57,167,285,428,3624,264,0
97068,8,8,40,196,846,2306,117,0
32571,6,11,29,93,228,778,61,1
165546,10,28,167,364,1691,5117,930,0
675500,54,297,2204,1915,11939,26629,3521,1
37473,0,10,25,52,148,524,14,0
29487,0,8,4,46,142,312,9,0
127509,5,28,66,398,635,2172,200,1
987166,16,123,975,683,3486,15830,1530,0
51718,2,14,28,173,356,1705,55,1
19915,0,1,6,39,125,210,5,0
797429,228,566,10737,6258,18604,37378,5331,1
36701,1,9,14,67,236,611,43,0
999353,14,106,878,876,2685,13636,1073,0
204646,6,51,134,363,1317,3946,399,0
152067,3,24,147,414,704,2631,192,1
249745,5,47,123,517,428,2412,104,0
340345,10,77,330,619,4653,11535,1520,0
71977,0,20,35,207,536,1631,92,0
26693,0,9,10,61,189,609,34,0
912326,61,262,1163,1315,2364,13012,2910,0
19147,3,9,9,89,211,302,25,1
52215,3,12,14,125,386,702,68,0
613217,342,385,5926,5874,8056,17365,5184,1
77216,0,26,22,187,487,1557,89,0
71616,4,14,58,168,469,1724,46,0
64974,13,15,64,156,1082,2356,156,1
20037,1,1,19,45,199,237,25,0
215568,1,39,177,656,657,2861,221,1
871606,95,183,2545,2346,6985,20013,5943,1
82603,3,29,54,270,643,1794,195,1
113393,5,19,29,262,556,1705,141,0
30647,5,9,18,113,311,807,42,1
116001,4,35,136,454,761,3486,377,1
250575,7,43,165,383,633,2408,108,0
16647,2,4,1,19,140,259,21,0
27320,1,8,1,117,192,304,53,1
445772,22,141,647,1394,4029,13273,1854,1
76375,2,20,16,153,514,1505,70,0
225374,7,35,134,631,637,2964,247,0
83937,2,21,54,306,727,1964,245,1
30223,1,0,8,73,279,388,29,0
825978,141,274,4056,4007,8561,28114,16991,1
90358,3,1,19,256,312,1200,105,0
27027,0,3,13,88,205,417,32,1
54182,4,17,25,119,646,1233,71,0
71347,3,20,32,357,727,1458,216,1
927079,18,149,856,1037,3893,16083,2730,0
132818,2,27,50,178,681,2238,169,0
60692,4,19,42,145,1037,1982,127,0
32143,4,12,30,108,214,695,41,1
47016,1,15,13,132,210,685,56,0
32662,2,5,11,87,200,559,24,0
138016,5,17,88,426,699,2138,270,1
52730,1,14,13,142,297,750,47,0
726462,20,226,1878,4005,6993,23596,3367,1
1029182,18,125,661,934,2442,13542,753,0
142039,10,26,187,571,753,3171,387,1
675886,17,173,738,928,5338,18950,2640,0
167646,10,30,120,565,1419,3373,358,1
66574,4,16,44,187,800,1634,110,1
72609,2,37,129,446,1079,2498,174,1
62998,1,12,9,192,342,971,70,0
72312,1,25,38,259,606,1622,49,1
898019,56,206,1846,2020,4767,17498,4278,1
24810,1,4,1,24,189,234,23,0
48779,1,28,55,206,409,1788,80,1
581937,26,148,357,1286,1053,6937,626,0
86374,5,25,47,203,504,1575,79,0
160945,9,35,115,533,1283,3265,380,1
911524,78,278,1704,2079,3667,15149,3431,1
24223,1,13,16,80,222,311,34,1
76500,4,19,16,124,448,1439,81,0
167966,2,19,42,304,536,1641,49,0
103425,3,41,114,340,1072,3087,462,1
107983,3,22,129,451,831,3006,435,1
777463,31,210,1611,4356,5425,19401,3341,1
19610,3,10,4,79,311,287,29,1
74394,1,16,18,372,387,1487,71,1
16200,0,1,4,17,120,221,26,0
20016,1,4,2,46,178,296,33,0
152381,2,47,73,425,1314,2627,294,0
37973,2,13,31,193,459,2029,121,1
19642,1,4,8,16,63,117,6,0
38392,0,13,18,58,242,610,18,0
34308,3,11,9,129,382,660,37,1
113834,5,12,64,195,666,1738,119,0
605398,14,146,636,845,5112,15899,1601,0
25939,2,5,9,25,198,338,21,0
43096,2,13,44,217,420,1844,120,1
141882,5,33,117,587,789,2745,248,1
25793,2,7,18,109,217,459,39,1
693240,52,429,2441,3329,10028,21782,7324,1
29215,0,12,15,142,252,565,39,1
74833,2,15,13,299,450,1681,81,1
31742,3,7,35,162,131,579,65,1
79066,2,14,18,131,517,1182,88,0
36717,2,7,18,54,175,680,22,0
103829,7,24,119,490,724,3304,408,1
39408,2,11,12,82,255,660,81,0
78048,2,13,37,321,587,1444,140,1
826094,122,250,3765,3263,8209,25916,9743,1
622671,233,298,3755,4471,7440,19329,4462,1
25635,1,9,15,80,99,218,10,1
566105,25,154,558,1575,1979,10025,622,1
61713,1,13,23,236,535,1277,146,1
115420,4,15,76,345,1285,2790,181,1
634279,276,182,4085,7199,8022,21819,6731,1
92169,5,42,230,533,1070,2746,191,1
52011,1,16,31,138,432,1751,33,0
25722,0,6,21,95,202,506,29,1
